–ù–∞–∑–≤–∞–Ω–∏–µ;–ù–æ–≤—ã–π_—Ç–µ–∫—Å—Ç;–ö–æ–æ—Ä–¥–∏–Ω–∞—Ç—ã
"–ö–∞–≤–∞–ª–µ—Ä—Å–∫–∏–µ –¥–æ–º–∞ üèõÔ∏è";"**–ò—Å—Ç–æ—Ä–∏—è:** 1752-1753 –≥–æ–¥—ã, –∞—Ä—Ö–∏—Ç–µ–∫—Ç–æ—Ä –ß–µ–≤–∞–∫–∏–Ω—Å–∫–∏–π —Å–æ–∑–¥–∞–µ—Ç —ç—Ç–∏ –±–∞—Ä–æ—á–Ω—ã–µ –¥–æ–º–∞ –¥–ª—è —Å–∞–º—ã—Ö –ø—Ä–∏–±–ª–∏–∂–µ–Ω–Ω—ã—Ö –∫ –∏–º–ø–µ—Ä–∞—Ç—Ä–∏—Ü–µ –ø—Ä–∏–¥–≤–æ—Ä–Ω—ã—Ö. –ó–¥–µ—Å—å —Ç–≤–æ—Ä–∏–ª –∏—Å—Ç–æ—Ä–∏–∫ –ö–∞—Ä–∞–º–∑–∏–Ω, –ø—Ä–∏ —Å–≤–µ—á–∞—Ö —Å–æ–∑–¥–∞–≤–∞—è ""–ò—Å—Ç–æ—Ä–∏—é –≥–æ—Å—É–¥–∞—Ä—Å—Ç–≤–∞ –†–æ—Å—Å–∏–π—Å–∫–æ–≥–æ"", –∞ –∑–∞ –æ–∫–Ω–∞–º–∏ –ø—Ä–æ—Ö–æ–¥–∏–ª–∏ —Ç–µ —Å–∞–º—ã–µ —Å–æ–±—ã—Ç–∏—è, –æ –∫–æ—Ç–æ—Ä—ã—Ö –æ–Ω –ø–∏—Å–∞–ª.

**–ú–∏—Å—Ç–∏–∫–∞:** –í –±–µ–ª—ã–µ –Ω–æ—á–∏ –≤ –æ–∫–Ω–∞—Ö —Ç—Ä–µ—Ç—å–µ–≥–æ —ç—Ç–∞–∂–∞ –º–µ–ª—å–∫–∞–µ—Ç —Å–∏–ª—É—ç—Ç —Å –ø–µ—Ä–æ–º –≤ —Ä—É–∫–µ ‚Äî –≥–æ–≤–æ—Ä—è—Ç, –¥—É—Ö –ö–∞—Ä–∞–º–∑–∏–Ω–∞ –¥–æ —Å–∏—Ö –ø–æ—Ä –¥–æ–ø–∏—Å—ã–≤–∞–µ—Ç —Å–≤–æ–π –≤–µ–ª–∏–∫–∏–π —Ç—Ä—É–¥. –ñ–µ–ª–∞–Ω–∏—è –æ —Ç–≤–æ—Ä—á–µ—Å–∫–æ–º –≤–¥–æ—Ö–Ω–æ–≤–µ–Ω–∏–∏, –ª—é–±–≤–∏ –∏ —É–¥–∞—á–µ –∑–¥–µ—Å—å –∏—Å–ø–æ–ª–Ω—è—é—Ç—Å—è —Å –ø–æ—Ä–∞–∑–∏—Ç–µ–ª—å–Ω–æ–π —Å–∫–æ—Ä–æ—Å—Ç—å—é.";59.71618,30.39530
"–ó–Ω–∞–º–µ–Ω—Å–∫–∞—è —Ü–µ—Ä–∫–æ–≤—å ‚õ™";"**–ò—Å—Ç–æ—Ä–∏—è:** 1734-1747 –≥–æ–¥—ã, –ø–µ—Ç—Ä–æ–≤—Å–∫–æ–µ –±–∞—Ä–æ–∫–∫–æ –†–∞—Å—Ç—Ä–µ–ª–ª–∏ –∏ –ó–µ–º—Ü–æ–≤–∞. –û–¥–∏–Ω –∏–∑ —Å—Ç–∞—Ä–µ–π—à–∏—Ö —Ö—Ä–∞–º–æ–≤ –¶–∞—Ä—Å–∫–æ–≥–æ –°–µ–ª–∞, –≥–¥–µ –º–æ–ª–∏–ª–∏—Å—å —Å—Ç—Ä–æ–∏—Ç–µ–ª–∏ –Ω–æ–≤–æ–π –†–æ—Å—Å–∏–∏ —ç–ø–æ—Ö–∏ –ü–µ—Ç—Ä–∞ –í–µ–ª–∏–∫–æ–≥–æ. –°—Ç–µ–Ω—ã –ø–æ–º–Ω—è—Ç –º–æ–ª–∏—Ç–≤—ã —Ç–µ—Ö, –∫—Ç–æ —Å–æ–∑–¥–∞–≤–∞–ª –∏–º–ø–µ—Ä–∏—é.

**–ú–∏—Å—Ç–∏–∫–∞:** –í–æ –≤—Ä–µ–º—è –æ—Å–æ–±–æ –≤–∞–∂–Ω—ã—Ö –º–æ–ª–∏—Ç–≤ —Å–≤–µ—á–∏ –Ω–∞—á–∏–Ω–∞—é—Ç –≥–æ—Ä–µ—Ç—å –Ω–µ–æ–±—ã—á–Ω–æ —è—Ä–∫–∏–º, —Ä–æ–≤–Ω—ã–º –ø–ª–∞–º–µ–Ω–µ–º, —Å–ª–æ–≤–Ω–æ –æ—Ç–≤–µ—á–∞—è –Ω–∞ –∏—Å–∫—Ä–µ–Ω–Ω–æ—Å—Ç—å –ø—Ä–æ—Å—å–±. –ü–æ—Å–ª–µ –±–æ–ª—å—à–∏—Ö –ø—Ä–∞–∑–¥–Ω–∏–∫–æ–≤ —É –∞–ª—Ç–∞—Ä—è –Ω–∞—Ö–æ–¥—è—Ç –∑–∞–≥–∞–¥–æ—á–Ω—ã–µ –±–µ–ª—ã–µ –ø–µ—Ä—ã—à–∫–∏. –û—Å–æ–±–µ–Ω–Ω–æ —Å–∏–ª—å–Ω–æ –ø–æ–º–æ–≥–∞–µ—Ç –≤ –≤–æ–ø—Ä–æ—Å–∞—Ö –∑–¥–æ—Ä–æ–≤—å—è –∏ —Å–µ–º–µ–π–Ω–æ–≥–æ –±–ª–∞–≥–æ–ø–æ–ª—É—á–∏—è.";59.71406,30.39575
"–î–æ–º –ò–∑–º–∞–π–ª–æ–≤–æ–π üé≠";"**–ò—Å—Ç–æ—Ä–∏—è:** –ö–æ–Ω–µ—Ü XVIII –≤–µ–∫–∞, –∫–ª–∞—Å—Å–∏—Ü–∏–∑–º. –†–µ–∑–∏–¥–µ–Ω—Ü–∏—è –æ–±—Ä–∞–∑–æ–≤–∞–Ω–Ω–æ–π —Ñ—Ä–µ–π–ª–∏–Ω—ã –ò–∑–º–∞–π–ª–æ–≤–æ–π, –≥–¥–µ —É—Å—Ç—Ä–∞–∏–≤–∞–ª–∏—Å—å –ª–∏—Ç–µ—Ä–∞—Ç—É—Ä–Ω—ã–µ —Å–∞–ª–æ–Ω—ã –∏ –∑–≤—É—á–∞–ª–∏ —Å—Ç–∏—Ö–∏ –º–æ–ª–æ–¥–æ–≥–æ –ü—É—à–∫–∏–Ω–∞. –ü–æ—Å–ª–µ –≤–æ–π–Ω—ã –¥–æ–º –≤–æ–∑—Ä–æ–¥–∏–ª—Å—è –∫–∞–∫ —Ñ–µ–Ω–∏–∫—Å, —Å–æ—Ö—Ä–∞–Ω–∏–≤ –ø–∞–º—è—Ç—å –æ –±–ª–∞–≥–æ—Ä–æ–¥–Ω—ã—Ö –æ–±–∏—Ç–∞—Ç–µ–ª—å–Ω–∏—Ü–∞—Ö.

**–ú–∏—Å—Ç–∏–∫–∞:** –í –ª—É–Ω–Ω—ã–µ –Ω–æ—á–∏ –≤ –æ–∫–Ω–∞—Ö –º–µ–ª—å–∫–∞—é—Ç —Å–∏–ª—É—ç—Ç—ã –¥–∞–º –≤ –¥–ª–∏–Ω–Ω—ã—Ö –ø–ª–∞—Ç—å—è—Ö, –∞ —Ç–∏—à–∏–Ω—É –Ω–∞—Ä—É—à–∞–µ—Ç —Ç–∏—Ö–∏–π —à–µ–ª–µ—Å—Ç —à–µ–ª–∫–∞ –∏ –ø—Ä–∏–≥–ª—É—à–µ–Ω–Ω—ã–π —Å–º–µ—Ö. –î–æ–±—Ä—ã–µ –¥—É—Ö–∏ –∞—Ä–∏—Å—Ç–æ–∫—Ä–∞—Ç–æ–∫ –æ—Å–æ–±–µ–Ω–Ω–æ –±–ª–∞–≥–æ—Å–∫–ª–æ–Ω–Ω—ã –∫ –∂–µ–ª–∞–Ω–∏—è–º –æ —Å–µ–º–µ–π–Ω–æ–º —Å—á–∞—Å—Ç—å–µ –∏ –¥–æ–º–∞—à–Ω–µ–º —É—é—Ç–µ.";59.72290,30.41140
"–î–æ–º –ö–∞–Ω–æ–±–±–∏–æ üèóÔ∏è";"**–ò—Å—Ç–æ—Ä–∏—è:** 1815 –≥–æ–¥, –∏—Ç–∞–ª—å—è–Ω—Å–∫–∏–π –∞—Ä—Ö–∏—Ç–µ–∫—Ç–æ—Ä –§—Ä–∞–Ω—á–µ—Å–∫–æ –ö–∞–Ω–æ–±–±–∏–æ –≤–æ–ø–ª–æ—â–∞–µ—Ç –∑–¥–µ—Å—å –º–µ—á—Ç—É –æ —Å–æ–≤–µ—Ä—à–µ–Ω–Ω–æ–π –∫–ª–∞—Å—Å–∏—á–µ—Å–∫–æ–π –∫—Ä–∞—Å–æ—Ç–µ. –î–æ–º –ø–æ—Å—Ç—Ä–æ–µ–Ω –¥–ª—è —Å–º–æ—Ç—Ä–∏—Ç–µ–ª—è –¥–≤–æ—Ä—Ü–æ–≤–æ–≥–æ –≤–æ–¥–æ–≤–æ–¥–∞ ‚Äî —á–µ–ª–æ–≤–µ–∫–∞, —Å–ª–µ–¥–∏–≤—à–µ–≥–æ –∑–∞ —Ç–µ–º, —á—Ç–æ–±—ã –∏–º–ø–µ—Ä–∞—Ç–æ—Ä—Å–∫–∏–µ —Ñ–æ–Ω—Ç–∞–Ω—ã –Ω–∏–∫–æ–≥–¥–∞ –Ω–µ –∑–∞–º–æ–ª–∫–∞–ª–∏.

**–ú–∏—Å—Ç–∏–∫–∞:** –î–æ–º —Å–æ—Ö—Ä–∞–Ω–∏–ª –º–∏—Å—Ç–∏—á–µ—Å–∫—É—é —Å–≤—è–∑—å —Å –≤–æ–¥–Ω–æ–π —Å—Ç–∏—Ö–∏–µ–π. –ü—Ä–∏ –ø—Ä–æ–∏–∑–Ω–µ—Å–µ–Ω–∏–∏ –∂–µ–ª–∞–Ω–∏–π –æ —Å—á–∞—Å—Ç—å–µ –≤–æ–∫—Ä—É–≥ —Ñ–∞—Å–∞–¥–∞ –æ—â—É—â–∞–µ—Ç—Å—è –ª–µ–≥–∫–æ–µ –¥–≤–∏–∂–µ–Ω–∏–µ –≤–æ–∑–¥—É—Ö–∞, –∞ –≤ –¥–æ–∂–¥–ª–∏–≤—ã–µ –¥–Ω–∏ —Å–ª—ã—à–Ω–æ —Ç–∞–∏–Ω—Å—Ç–≤–µ–Ω–Ω–æ–µ –∂—É—Ä—á–∞–Ω–∏–µ –Ω–µ–≤–∏–¥–∏–º—ã—Ö –∏—Å—Ç–æ—á–Ω–∏–∫–æ–≤. –û—Å–æ–±–µ–Ω–Ω–æ —Å–∏–ª–µ–Ω –≤ –∏—Å–ø–æ–ª–Ω–µ–Ω–∏–∏ –∂–µ–ª–∞–Ω–∏–π –æ –ø–µ—Ä–µ–º–µ–Ω–∞—Ö –∫ –ª—É—á—à–µ–º—É.";59.71966,30.40323
"–î–æ–º –û–ª–µ–Ω–∏–Ω—ã—Ö üìö";"**–ò—Å—Ç–æ—Ä–∏—è:** 1828 –≥–æ–¥, –∫–ª–∞—Å—Å–∏—Ü–∏–∑–º –∞—Ä—Ö–∏—Ç–µ–∫—Ç–æ—Ä–∞ –ì–æ—Ä–Ω–æ—Å—Ç–∞–µ–≤–∞. –õ–µ—Ç–Ω—è—è —Ä–µ–∑–∏–¥–µ–Ω—Ü–∏—è —Å–µ–º—å–∏ –û–ª–µ–Ω–∏–Ω—ã—Ö, –≥–¥–µ –º–æ–ª–æ–¥–æ–π –ê–ª–µ–∫—Å–∞–Ω–¥—Ä –ü—É—à–∫–∏–Ω –ø—Ä–æ–≤–æ–¥–∏–ª —Ç–≤–æ—Ä—á–µ—Å–∫–∏–µ –∫–∞–Ω–∏–∫—É–ª—ã, —Ä–∞–±–æ—Ç–∞—è –Ω–∞–¥ –±—É–¥—É—â–∏–º–∏ —à–µ–¥–µ–≤—Ä–∞–º–∏ —Ä—É—Å—Å–∫–æ–π –ø–æ—ç–∑–∏–∏ –≤ —Ç–µ—Ö –∂–µ –∫–æ–º–Ω–∞—Ç–∞—Ö, –≥–¥–µ —Å–µ–π—á–∞—Å –ø—Ä–æ—Ö–æ–¥—è—Ç —ç–∫—Å–∫—É—Ä—Å–∏–∏.

**–ú–∏—Å—Ç–∏–∫–∞:** –í –º–µ–∑–æ–Ω–∏–Ω–µ –ø–æ–¥ –∫—Ä—ã—à–µ–π –∏–Ω–æ–≥–¥–∞ —Å–ª—ã—à–∏—Ç—Å—è —Ç–∏—Ö–∏–π –¥–µ—Ç—Å–∫–∏–π –ø–ª–∞—á ‚Äî –¥—É—Ö –¥–µ–≤–æ—á–∫–∏ –∏–∑ –±—ã–≤—à–µ–≥–æ –¥–µ—Ç—Å–∫–æ–≥–æ —Å–∞–Ω–∞—Ç–æ—Ä–∏—è. –û–Ω–∞ –¥–æ–±—Ä–∞—è –∏ –ø–æ–º–æ–≥–∞–µ—Ç —Ç–µ–º, –∫—Ç–æ –ø—Ä–æ—Å–∏—Ç —Å–º–µ–ª–æ—Å—Ç–∏ –∏ —Å–∏–ª—ã –¥—É—Ö–∞ –¥–ª—è –≤–æ–ø–ª–æ—â–µ–Ω–∏—è –º–µ—á—Ç. –ú–µ—Å—Ç–æ –æ—Å–æ–±–æ–π —Å–∏–ª—ã –¥–ª—è –ø—Ä–µ–æ–¥–æ–ª–µ–Ω–∏—è —Å—Ç—Ä–∞—Ö–æ–≤.";59.72359,30.39977
"–î–æ–º –°—Ç–µ—Ç–∫–µ–≤–∏—á–∞ üèòÔ∏è";"**–ò—Å—Ç–æ—Ä–∏—è:** XIX –≤–µ–∫, –∫–ª–∞—Å—Å–∏—Ü–∏–∑–º. –ü—Ä–∏–Ω–∞–¥–ª–µ–∂–∞–ª —Å–µ–º—å–µ –°—Ç–µ—Ç–∫–µ–≤–∏—á–µ–π ‚Äî –≤–∏–¥–Ω—ã—Ö –¥–µ—è—Ç–µ–ª–µ–π —Ü–∞—Ä—Å–∫–æ—Å–µ–ª—å—Å–∫–æ–≥–æ –æ–±—â–µ—Å—Ç–≤–∞. –î–æ–º —Å–ª—É–∂–∏–ª —Ü–µ–Ω—Ç—Ä–æ–º —Å–≤–µ—Ç—Å–∫–æ–π –∂–∏–∑–Ω–∏, –≥–¥–µ –æ–±—Å—É–∂–¥–∞–ª–∏—Å—å –≤–∞–∂–Ω—ã–µ —Å–æ–±—ã—Ç–∏—è —ç–ø–æ—Ö–∏ –∏ —Å—Ç—Ä–æ–∏–ª–∏—Å—å –ø–ª–∞–Ω—ã –Ω–∞ –±—É–¥—É—â–µ–µ –∏–º–ø–µ—Ä–∏–∏.

**–ú–∏—Å—Ç–∏–∫–∞:** –ì–æ–≤–æ—Ä—è—Ç, —á—Ç–æ –≤ –∑–∏–º–Ω–∏–µ –≤–µ—á–µ—Ä–∞ –≤ –æ–∫–Ω–∞—Ö –∑–∞–≥–æ—Ä–∞—é—Ç—Å—è –æ–≥–æ–Ω—å–∫–∏, —Ö–æ—Ç—è –¥–æ–º –ø—É—Å—Ç. –°—Ç–∞—Ä–æ–∂–∏–ª—ã —É—Ç–≤–µ—Ä–∂–¥–∞—é—Ç ‚Äî —ç—Ç–æ –¥—É—à–∏ –±—ã–≤—à–∏—Ö —Ö–æ–∑—è–µ–≤ –ø—Ä–æ–¥–æ–ª–∂–∞—é—Ç —Å–≤–æ–∏ –≤–µ—á–µ—Ä–Ω–∏–µ –±–µ—Å–µ–¥—ã. –ú–µ—Å—Ç–æ –±–ª–∞–≥–æ–≤–æ–ª–∏—Ç –∂–µ–ª–∞–Ω–∏—è–º –æ –∫–∞—Ä—å–µ—Ä–Ω–æ–º —Ä–æ—Å—Ç–µ –∏ –æ–±—â–µ—Å—Ç–≤–µ–Ω–Ω–æ–º –ø—Ä–∏–∑–Ω–∞–Ω–∏–∏.";59.71823,30.40156
"–î–æ–º –ü—É—à–∫–∏–Ω–∞ (–∫–∞–º–µ—Ä–¥–∏–Ω–µ—Ä–∞) üé©";"**–ò—Å—Ç–æ—Ä–∏—è:** –ù–∞—á–∞–ª–æ XIX –≤–µ–∫–∞, —Å–∫—Ä–æ–º–Ω—ã–π –∫–ª–∞—Å—Å–∏—Ü–∏–∑–º. –ó–¥–µ—Å—å –∂–∏–ª –∫–∞–º–µ—Ä–¥–∏–Ω–µ—Ä –≤–µ–ª–∏–∫–æ–≥–æ –ø–æ—ç—Ç–∞ ‚Äî —á–µ–ª–æ–≤–µ–∫, –∑–Ω–∞–≤—à–∏–π –≤—Å–µ —Ç–∞–π–Ω—ã –∏ –ø—Ä–∏–≤—ã—á–∫–∏ –ê–ª–µ–∫—Å–∞–Ω–¥—Ä–∞ –°–µ—Ä–≥–µ–µ–≤–∏—á–∞. –í —ç—Ç–∏—Ö —Å—Ç–µ–Ω–∞—Ö —Ö—Ä–∞–Ω–∏–ª–∏—Å—å –ª–∏—á–Ω—ã–µ –≤–µ—â–∏ –ü—É—à–∫–∏–Ω–∞ –∏ –∑–≤—É—á–∞–ª–∏ –µ–≥–æ —Å—Ç–∏—Ö–∏ –¥–æ –ø—É–±–ª–∏–∫–∞—Ü–∏–∏.

**–ú–∏—Å—Ç–∏–∫–∞:** –ü–æ –≤–µ—á–µ—Ä–∞–º –∂–∏—Ç–µ–ª–∏ –æ–∫—Ä–µ—Å—Ç–Ω—ã—Ö –¥–æ–º–æ–≤ —Å–ª—ã—à–∞—Ç —Ç–∏—Ö–æ–µ —á—Ç–µ–Ω–∏–µ —Å—Ç–∏—Ö–æ–≤ –º—É–∂—Å–∫–∏–º –≥–æ–ª–æ—Å–æ–º. –ì–æ–≤–æ—Ä—è—Ç, –≤–µ—Ä–Ω—ã–π —Å–ª—É–≥–∞ –≤—Å–µ –µ—â–µ –∂–¥–µ—Ç –≤–æ–∑–≤—Ä–∞—â–µ–Ω–∏—è —Å–≤–æ–µ–≥–æ –≥–æ—Å–ø–æ–¥–∏–Ω–∞. –ó–∞–≥–∞–¥–∞–Ω–Ω—ã–µ –∑–¥–µ—Å—å –∂–µ–ª–∞–Ω–∏—è –æ –≤–µ—Ä–Ω–æ—Å—Ç–∏ –∏ –ø—Ä–µ–¥–∞–Ω–Ω–æ—Å—Ç–∏ –∏–º–µ—é—Ç –æ—Å–æ–±—É—é —Å–∏–ª—É.";59.71945,30.40089
"–î–æ–º –ø—Ä–∏–∑—Ä–µ–Ω–∏—è —É–≤–µ—á–Ω—ã—Ö –≤–æ–∏–Ω–æ–≤ ‚öîÔ∏è";"**–ò—Å—Ç–æ—Ä–∏—è:** XIX –≤–µ–∫, –ø–æ—Å—Ç—Ä–æ–µ–Ω –¥–ª—è –≤–µ—Ç–µ—Ä–∞–Ω–æ–≤ –Ω–∞–ø–æ–ª–µ–æ–Ω–æ–≤—Å–∫–∏—Ö –≤–æ–π–Ω. –ó–¥–µ—Å—å –Ω–∞—Ö–æ–¥–∏–ª–∏ –ø—Ä–∏—é—Ç —Å–æ–ª–¥–∞—Ç—ã, –æ—Ç–¥–∞–≤—à–∏–µ –∑–¥–æ—Ä–æ–≤—å–µ –∑–∞ –û—Ç–µ—á–µ—Å—Ç–≤–æ –≤ –±–æ—è—Ö –ø–æ–¥ –ë–æ—Ä–æ–¥–∏–Ω–æ –∏ –õ–µ–π–ø—Ü–∏–≥–æ–º. –ú–µ—Å—Ç–æ, –≥–¥–µ –º—É–∂–µ—Å—Ç–≤–æ –ø–æ–ª—É—á–∞–ª–æ –∑–∞—Å–ª—É–∂–µ–Ω–Ω—ã–π –ø–æ–∫–æ–π –∏ —É–≤–∞–∂–µ–Ω–∏–µ.

**–ú–∏—Å—Ç–∏–∫–∞:** –í —Ç—É–º–∞–Ω–Ω—ã–µ —Ä–∞—Å—Å–≤–µ—Ç—ã –º–µ—Å—Ç–Ω—ã–µ –∂–∏—Ç–µ–ª–∏ –≤–∏–¥—è—Ç —Å–∏–ª—É—ç—Ç—ã –ª—é–¥–µ–π –≤ –≤–æ–µ–Ω–Ω–æ–π —Ñ–æ—Ä–º–µ, –º–µ–¥–ª–µ–Ω–Ω–æ –ø—Ä–æ–≥—É–ª–∏–≤–∞—é—â–∏—Ö—Å—è –ø–æ —Å–∞–¥—É. –î—É—Ö–∏ –≤–æ–∏–Ω–æ–≤ –ø–æ–∫—Ä–æ–≤–∏—Ç–µ–ª—å—Å—Ç–≤—É—é—Ç —Ç–µ–º, –∫—Ç–æ –ø—Ä–æ—Å–∏—Ç –æ –∑–∞—â–∏—Ç–µ, –º—É–∂–µ—Å—Ç–≤–µ –∏ —Å–ø—Ä–∞–≤–µ–¥–ª–∏–≤–æ—Å—Ç–∏. –û—Å–æ–±–µ–Ω–Ω–æ –ø–æ–º–æ–≥–∞—é—Ç –≤ –ø—Ä–µ–æ–¥–æ–ª–µ–Ω–∏–∏ –∂–∏–∑–Ω–µ–Ω–Ω—ã—Ö –±–∏—Ç–≤.";59.71756,30.39876
"–ì–æ—Ä–æ–¥–æ–≤–∞—è —Ä–∞—Ç—É—à–∞ üèõÔ∏è";"**–ò—Å—Ç–æ—Ä–∏—è:** XVIII –≤–µ–∫, —Ü–µ–Ω—Ç—Ä –≥–æ—Ä–æ–¥—Å–∫–æ–≥–æ —Å–∞–º–æ—É–ø—Ä–∞–≤–ª–µ–Ω–∏—è –¶–∞—Ä—Å–∫–æ–≥–æ –°–µ–ª–∞. –ó–¥–µ—Å—å —Ä–µ—à–∞–ª–∏—Å—å —Å—É–¥—å–±—ã –≥–æ—Ä–æ–∂–∞–Ω, –ø—Ä–∏–Ω–∏–º–∞–ª–∏—Å—å –≤–∞–∂–Ω—ã–µ —Ä–µ—à–µ–Ω–∏—è, —Ä–µ–≥—É–ª–∏—Ä–æ–≤–∞–ª–∏—Å—å —Ç–æ—Ä–≥–æ–≤—ã–µ —Å–ø–æ—Ä—ã. –ú–µ—Å—Ç–æ, –≥–¥–µ –ø—Ä–æ—Å—Ç—ã–µ –ª—é–¥–∏ –º–æ–≥–ª–∏ –Ω–∞–π—Ç–∏ —Å–ø—Ä–∞–≤–µ–¥–ª–∏–≤–æ—Å—Ç—å –∏ –∑–∞—â–∏—Ç—É —Å–≤–æ–∏—Ö –ø—Ä–∞–≤.

**–ú–∏—Å—Ç–∏–∫–∞:** –°—Ç–∞—Ä–∏–Ω–Ω—ã–µ —á–∞—Å—ã –Ω–∞ –±–∞—à–Ω–µ –∏–Ω–æ–≥–¥–∞ –±—å—é—Ç –≤ –Ω–µ—É—Ä–æ—á–Ω–æ–µ –≤—Ä–µ–º—è, –ø—Ä–µ–¥–≤–µ—â–∞—è –≤–∞–∂–Ω—ã–µ –ø–µ—Ä–µ–º–µ–Ω—ã. –ì–æ—Ä–æ–∂–∞–Ω–µ –≤–µ—Ä—è—Ç: –µ—Å–ª–∏ –∑–∞–≥–∞–¥–∞—Ç—å –∂–µ–ª–∞–Ω–∏–µ –æ —Å–ø—Ä–∞–≤–µ–¥–ª–∏–≤–æ—Å—Ç–∏, –∫–æ–≥–¥–∞ —á–∞—Å—ã –±—å—é—Ç –ø–æ–ª–Ω–æ—á—å, –æ–Ω–æ –æ–±—è–∑–∞—Ç–µ–ª—å–Ω–æ —Å–±—É–¥–µ—Ç—Å—è –≤ —Ç–µ—á–µ–Ω–∏–µ –º–µ—Å—è—Ü–∞.";59.71634,30.39712
"–î–æ–º –í–∞—Å–∏–ª—å–µ–≤—ã—Ö üè°";"**–ò—Å—Ç–æ—Ä–∏—è:** XIX –≤–µ–∫, –∫–ª–∞—Å—Å–∏—Ü–∏–∑–º. –†–æ–¥–æ–≤–æ–µ –≥–Ω–µ–∑–¥–æ –¥–≤–æ—Ä—è–Ω—Å–∫–æ–π —Å–µ–º—å–∏ –í–∞—Å–∏–ª—å–µ–≤—ã—Ö, –∏–∑–≤–µ—Å—Ç–Ω—ã—Ö –º–µ—Ü–µ–Ω–∞—Ç–æ–≤ –∏ –ø–æ–∫—Ä–æ–≤–∏—Ç–µ–ª–µ–π –∏—Å–∫—É—Å—Å—Ç–≤. –í –∏—Ö —Å–∞–ª–æ–Ω–µ —Å–æ–±–∏—Ä–∞–ª–∏—Å—å —Ö—É–¥–æ–∂–Ω–∏–∫–∏, –ø–æ—ç—Ç—ã –∏ –º—É–∑—ã–∫–∞–Ω—Ç—ã, —Å–æ–∑–¥–∞–≤–∞—è –Ω–µ–ø–æ–≤—Ç–æ—Ä–∏–º—É—é –∞—Ç–º–æ—Å—Ñ–µ—Ä—É —Ç–≤–æ—Ä—á–µ—Å–∫–æ–≥–æ –≤–¥–æ—Ö–Ω–æ–≤–µ–Ω–∏—è.

**–ú–∏—Å—Ç–∏–∫–∞:** –í –¥–æ–º–µ –¥–æ —Å–∏—Ö –ø–æ—Ä —Å–ª—ã—à–Ω—ã –∑–≤—É–∫–∏ —Ñ–æ—Ä—Ç–µ–ø–∏–∞–Ω–æ –∏ —Ç–∏—Ö–∏–µ –≥–æ–ª–æ—Å–∞, –¥–µ–∫–ª–∞–º–∏—Ä—É—é—â–∏–µ —Å—Ç–∏—Ö–∏. –î—É—Ö–∏ —Å–µ–º—å–∏ –æ—Å–æ–±–µ–Ω–Ω–æ –±–ª–∞–≥–æ—Å–∫–ª–æ–Ω–Ω—ã –∫ –ª—é–¥—è–º –∏—Å–∫—É—Å—Å—Ç–≤–∞ –∏ —Ç–µ–º, –∫—Ç–æ –º–µ—á—Ç–∞–µ—Ç –æ —Ç–≤–æ—Ä—á–µ—Å–∫–æ–π —Å–∞–º–æ—Ä–µ–∞–ª–∏–∑–∞—Ü–∏–∏. –ñ–µ–ª–∞–Ω–∏—è –æ —Ç–∞–ª–∞–Ω—Ç–µ –∏ –≤–¥–æ—Ö–Ω–æ–≤–µ–Ω–∏–∏ –∑–¥–µ—Å—å –æ–±—Ä–µ—Ç–∞—é—Ç –∫—Ä—ã–ª—å—è.";59.71889,30.39923
"–î–æ–º –ì. –ú–∞–ª—ã—à–µ–≤–∞ üé®";"**–ò—Å—Ç–æ—Ä–∏—è:** XIX –≤–µ–∫, –ø—Ä–∏–Ω–∞–¥–ª–µ–∂–∞–ª —Ö—É–¥–æ–∂–Ω–∏–∫—É –ì. –ú–∞–ª—ã—à–µ–≤—É. –í –º–∞—Å—Ç–µ—Ä—Å–∫–æ–π —Å–æ–∑–¥–∞–≤–∞–ª–∏—Å—å –ø–æ—Ä—Ç—Ä–µ—Ç—ã —Ü–∞—Ä—Å–∫–æ–π —Å–µ–º—å–∏ –∏ –ø–µ–π–∑–∞–∂–∏ –¶–∞—Ä—Å–∫–æ–≥–æ –°–µ–ª–∞. –û–∫–Ω–∞ —Å—Ç—É–¥–∏–∏ –±—ã–ª–∏ –æ—Ä–∏–µ–Ω—Ç–∏—Ä–æ–≤–∞–Ω—ã —Ç–∞–∫, —á—Ç–æ–±—ã –ª–æ–≤–∏—Ç—å –ª—É—á—à–∏–π —Å–≤–µ—Ç –¥–ª—è –∂–∏–≤–æ–ø–∏—Å–∏ –≤ –ª—é–±–æ–µ –≤—Ä–µ–º—è –¥–Ω—è.

**–ú–∏—Å—Ç–∏–∫–∞:** –ñ–∏—Ç–µ–ª–∏ –æ–∫—Ä–µ—Å—Ç–Ω–æ—Å—Ç–µ–π —Ä–∞—Å—Å–∫–∞–∑—ã–≤–∞—é—Ç –æ —Å—Ç—Ä–∞–Ω–Ω–æ–º —Å–≤–µ—á–µ–Ω–∏–∏ –≤ –æ–∫–Ω–∞—Ö –±—ã–≤—à–µ–π –º–∞—Å—Ç–µ—Ä—Å–∫–æ–π –≤ —á–∞—Å—ã —Ä–∞—Å—Å–≤–µ—Ç–∞. –ì–æ–≤–æ—Ä—è—Ç, –¥—É—Ö —Ö—É–¥–æ–∂–Ω–∏–∫–∞ –ø—Ä–æ–¥–æ–ª–∂–∞–µ—Ç –ø–∏—Å–∞—Ç—å —Å–≤–æ–∏ –∫–∞—Ä—Ç–∏–Ω—ã. –ú–µ—Å—Ç–æ –¥–∞—Ä—É–µ—Ç –≤–¥–æ—Ö–Ω–æ–≤–µ–Ω–∏–µ –≤—Å–µ–º, –∫—Ç–æ —Å–≤—è–∑–∞–Ω —Å –∏–∑–æ–±—Ä–∞–∑–∏—Ç–µ–ª—å–Ω—ã–º –∏—Å–∫—É—Å—Å—Ç–≤–æ–º –∏ –∫—Ä–∞—Å–æ—Ç–æ–π.";59.71712,30.39845
"–î–æ–º –ë–µ–ª–æ–∑—ë—Ä–æ–≤—ã—Ö üåü";"**–ò—Å—Ç–æ—Ä–∏—è:** XIX –≤–µ–∫, –∫–ª–∞—Å—Å–∏—Ü–∏–∑–º. –°–µ–º—å—è –ë–µ–ª–æ–∑—ë—Ä–æ–≤—ã—Ö —Å–ª–∞–≤–∏–ª–∞—Å—å –≥–æ—Å—Ç–µ–ø—Ä–∏–∏–º—Å—Ç–≤–æ–º –∏ –±–ª–∞–≥–æ—Ç–≤–æ—Ä–∏—Ç–µ–ª—å–Ω–æ—Å—Ç—å—é. –ò—Ö –¥–æ–º –±—ã–ª –æ—Ç–∫—Ä—ã—Ç –¥–ª—è –ø—É—Ç–µ—à–µ—Å—Ç–≤–µ–Ω–Ω–∏–∫–æ–≤ –∏ –Ω—É–∂–¥–∞—é—â–∏—Ö—Å—è, –∑–¥–µ—Å—å –Ω–∏–∫–æ–º—É –Ω–µ –æ—Ç–∫–∞–∑—ã–≤–∞–ª–∏ –≤ –ø–æ–º–æ—â–∏ –∏ –¥–æ–±—Ä–æ–º —Å–ª–æ–≤–µ.

**–ú–∏—Å—Ç–∏–∫–∞:** –ù–æ—á—å—é –≤ –æ–∫–Ω–∞—Ö –∏–Ω–æ–≥–¥–∞ –ø–æ—è–≤–ª—è–µ—Ç—Å—è –º—è–≥–∫–∏–π –∑–æ–ª–æ—Ç–∏—Å—Ç—ã–π —Å–≤–µ—Ç, –∞ —É—Ç—Ä–æ–º —Å–æ—Å–µ–¥–∏ –Ω–∞—Ö–æ–¥—è—Ç —É –ø–æ—Ä–æ–≥–∞ –Ω–µ–±–æ–ª—å—à–∏–µ –ø–æ–¥–∞—Ä–∫–∏ ‚Äî —Ü–≤–µ—Ç—ã, –∫–∞–º–µ—à–∫–∏, –º–æ–Ω–µ—Ç–∫–∏. –î—É—Ö–∏ –¥–æ–º–∞ –ø—Ä–æ–¥–æ–ª–∂–∞—é—Ç —Ç—Ä–∞–¥–∏—Ü–∏—é –≥–æ—Å—Ç–µ–ø—Ä–∏–∏–º—Å—Ç–≤–∞, –ø–æ–º–æ–≥–∞—è –≤ –∂–µ–ª–∞–Ω–∏—è—Ö –æ –¥—Ä—É–∂–±–µ –∏ —á–µ–ª–æ–≤–µ—á–µ—Å–∫–æ–º —Ç–µ–ø–ª–µ.";59.71667,30.39789
"–î–æ–º –ï–º–µ–ª—å—è–Ω–æ–≤–∞ üìñ";"**–ò—Å—Ç–æ—Ä–∏—è:** XIX –≤–µ–∫, –ø—Ä–∏–Ω–∞–¥–ª–µ–∂–∞–ª —á–∏–Ω–æ–≤–Ω–∏–∫—É –ï–º–µ–ª—å—è–Ω–æ–≤—É, –∏–∑–≤–µ—Å—Ç–Ω–æ–º—É –±–∏–±–ª–∏–æ—Ñ–∏–ª—É. –í –¥–æ–º–µ —Ö—Ä–∞–Ω–∏–ª–∞—Å—å –æ–¥–Ω–∞ –∏–∑ –ª—É—á—à–∏—Ö —á–∞—Å—Ç–Ω—ã—Ö –±–∏–±–ª–∏–æ—Ç–µ–∫ –¶–∞—Ä—Å–∫–æ–≥–æ –°–µ–ª–∞, –≤–∫–ª—é—á–∞–≤—à–∞—è —Ä–µ–¥–∫–∏–µ —Ä—É–∫–æ–ø–∏—Å–∏ –∏ –ø–µ—Ä–≤—ã–µ –∏–∑–¥–∞–Ω–∏—è —Ä—É—Å—Å–∫–∏—Ö –∫–ª–∞—Å—Å–∏–∫–æ–≤.

**–ú–∏—Å—Ç–∏–∫–∞:** –ü–æ –Ω–æ—á–∞–º —Å–ª—ã—à–µ–Ω —Ç–∏—Ö–∏–π —à–æ—Ä–æ—Ö —Å—Ç—Ä–∞–Ω–∏—Ü –∏ —Å–∫—Ä–∏–ø –ø–µ—Ä–∞ –ø–æ –±—É–º–∞–≥–µ. –ì–æ–≤–æ—Ä—è—Ç, –¥—É—Ö –ï–º–µ–ª—å—è–Ω–æ–≤–∞ –≤—Å–µ –µ—â–µ —á–∏—Ç–∞–µ—Ç –∏ –¥–µ–ª–∞–µ—Ç –ø–æ–º–µ—Ç–∫–∏ –≤ –Ω–µ–≤–∏–¥–∏–º—ã—Ö –∫–Ω–∏–≥–∞—Ö. –°—Ç—É–¥–µ–Ω—Ç—ã –∏ —É—á–µ–Ω—ã–µ, –ø—Ä–æ—Å—è—â–∏–µ –∑–¥–µ—Å—å –æ –∑–Ω–∞–Ω–∏—è—Ö –∏ –º—É–¥—Ä–æ—Å—Ç–∏, —á–∞—Å—Ç–æ –¥–µ–ª–∞—é—Ç –Ω–µ–æ–∂–∏–¥–∞–Ω–Ω—ã–µ –æ—Ç–∫—Ä—ã—Ç–∏—è.";59.71798,30.39912
"–î–æ–º –ó–≤–µ–≥–∏–Ω—Ü–µ–≤–∞ üé≠";"**–ò—Å—Ç–æ—Ä–∏—è:** XIX –≤–µ–∫, –ø—Ä–∏–Ω–∞–¥–ª–µ–∂–∞–ª —Ç–µ–∞—Ç—Ä–∞–ª—å–Ω–æ–º—É –¥–µ—è—Ç–µ–ª—é –ó–≤–µ–≥–∏–Ω—Ü–µ–≤—É. –ó–¥–µ—Å—å —Ä–µ–ø–µ—Ç–∏—Ä–æ–≤–∞–ª–∏ —Å–ø–µ–∫—Ç–∞–∫–ª–∏ –¥–ª—è —Ü–∞—Ä—Å–∫–æ–≥–æ –¥–≤–æ—Ä–∞, —Å–æ–±–∏—Ä–∞–ª–∏—Å—å –∞–∫—Ç–µ—Ä—ã –∏ —Ä–µ–∂–∏—Å—Å–µ—Ä—ã. –î–æ–º —Å—Ç–∞–ª –∫–æ–ª—ã–±–µ–ª—å—é –º–Ω–æ–≥–∏—Ö —Ç–µ–∞—Ç—Ä–∞–ª—å–Ω—ã—Ö —Ç—Ä–∞–¥–∏—Ü–∏–π –¶–∞—Ä—Å–∫–æ–≥–æ –°–µ–ª–∞.

**–ú–∏—Å—Ç–∏–∫–∞:** –í —Ç–∏—Ö–∏–µ –≤–µ—á–µ—Ä–∞ –∏–∑ –¥–æ–º–∞ –¥–æ–Ω–æ—Å—è—Ç—Å—è –æ–±—Ä—ã–≤–∫–∏ –º–æ–Ω–æ–ª–æ–≥–æ–≤ –∏ —Ç–∏—Ö–∏–µ –∞–ø–ª–æ–¥–∏—Å–º–µ–Ω—Ç—ã –Ω–µ–≤–∏–¥–∏–º–æ–π –ø—É–±–ª–∏–∫–∏. –î—É—Ö–∏ –¥–æ–º–∞ –ø–æ–∫—Ä–æ–≤–∏—Ç–µ–ª—å—Å—Ç–≤—É—é—Ç –≤—Å–µ–º, –∫—Ç–æ —Å–≤—è–∑–∞–Ω —Å —Ç–µ–∞—Ç—Ä–æ–º –∏ –ø—É–±–ª–∏—á–Ω—ã–º–∏ –≤—ã—Å—Ç—É–ø–ª–µ–Ω–∏—è–º–∏. –ü–æ–º–æ–≥–∞—é—Ç –ø—Ä–µ–æ–¥–æ–ª–µ—Ç—å —Å—Ç—Ä–∞—Ö —Å—Ü–µ–Ω—ã –∏ –æ–±—Ä–µ—Å—Ç–∏ –∞–∫—Ç–µ—Ä—Å–∫–æ–µ –º–∞—Å—Ç–µ—Ä—Å—Ç–≤–æ.";59.71834,30.39956
"–î–æ–º –†–æ–¥–∞–∫—Å–∞ üî¨";"**–ò—Å—Ç–æ—Ä–∏—è:** XIX –≤–µ–∫, –ø—Ä–∏–Ω–∞–¥–ª–µ–∂–∞–ª —É—á–µ–Ω–æ–º—É –†–æ–¥–∞–∫—Å—É, –∏—Å—Å–ª–µ–¥–æ–≤–∞—Ç–µ–ª—é –ø—Ä–∏—Ä–æ–¥—ã –¶–∞—Ä—Å–∫–æ–≥–æ –°–µ–ª–∞. –í –¥–æ–º–µ –±—ã–ª–∞ —É—Å—Ç—Ä–æ–µ–Ω–∞ –ª–∞–±–æ—Ä–∞—Ç–æ—Ä–∏—è, –≥–¥–µ –∏–∑—É—á–∞–ª–∏—Å—å –º–µ—Å—Ç–Ω—ã–µ —Ä–∞—Å—Ç–µ–Ω–∏—è –∏ –º–∏–Ω–µ—Ä–∞–ª—ã. –ú–Ω–æ–≥–∏–µ –æ—Ç–∫—Ä—ã—Ç–∏—è –≤ –æ–±–ª–∞—Å—Ç–∏ –µ—Å—Ç–µ—Å—Ç–≤–µ–Ω–Ω—ã—Ö –Ω–∞—É–∫ –±—ã–ª–∏ —Å–¥–µ–ª–∞–Ω—ã –∏–º–µ–Ω–Ω–æ –∑–¥–µ—Å—å.

**–ú–∏—Å—Ç–∏–∫–∞:** –ù–æ—á—å—é –≤ –æ–∫–Ω–∞—Ö –±—ã–≤—à–µ–π –ª–∞–±–æ—Ä–∞—Ç–æ—Ä–∏–∏ –º–µ—Ä—Ü–∞–µ—Ç —Å—Ç—Ä–∞–Ω–Ω—ã–π –∑–µ–ª–µ–Ω–æ–≤–∞—Ç—ã–π —Å–≤–µ—Ç. –ú–µ—Å—Ç–Ω—ã–µ –∂–∏—Ç–µ–ª–∏ —É—Ç–≤–µ—Ä–∂–¥–∞—é—Ç, —á—Ç–æ –¥—É—Ö —É—á–µ–Ω–æ–≥–æ –ø—Ä–æ–¥–æ–ª–∂–∞–µ—Ç —Å–≤–æ–∏ –∏—Å—Å–ª–µ–¥–æ–≤–∞–Ω–∏—è. –ú–µ—Å—Ç–æ –¥–∞–µ—Ç —Å–∏–ª—É —Ç–µ–º, –∫—Ç–æ —Å—Ç—Ä–µ–º–∏—Ç—Å—è –∫ –Ω–∞—É—á–Ω—ã–º –æ—Ç–∫—Ä—ã—Ç–∏—è–º –∏ –ø–æ–∑–Ω–∞–Ω–∏—é —Ç–∞–π–Ω –ø—Ä–∏—Ä–æ–¥—ã.";59.71723,30.39867
"–î–æ–º –°–∞–≤–∏—Ü–∫–æ–π üíÉ";"**–ò—Å—Ç–æ—Ä–∏—è:** XIX –≤–µ–∫, –ø—Ä–∏–Ω–∞–¥–ª–µ–∂–∞–ª –±–∞–ª–µ—Ä–∏–Ω–µ –∏–º–ø–µ—Ä–∞—Ç–æ—Ä—Å–∫–æ–≥–æ —Ç–µ–∞—Ç—Ä–∞ –°–∞–≤–∏—Ü–∫–æ–π. –ó–¥–µ—Å—å —É—Å—Ç—Ä–∞–∏–≤–∞–ª–∏—Å—å —Ç–∞–Ω—Ü–µ–≤–∞–ª—å–Ω—ã–µ –≤–µ—á–µ—Ä–∞, –æ–±—É—á–∞–ª–∏—Å—å –º–æ–ª–æ–¥—ã–µ –¥–∞—Ä–æ–≤–∞–Ω–∏—è. –î–æ–º —Å—Ç–∞–ª —Ü–µ–Ω—Ç—Ä–æ–º —Ö–æ—Ä–µ–æ–≥—Ä–∞—Ñ–∏—á–µ—Å–∫–æ–≥–æ –∏—Å–∫—É—Å—Å—Ç–≤–∞ –¶–∞—Ä—Å–∫–æ–≥–æ –°–µ–ª–∞.

**–ú–∏—Å—Ç–∏–∫–∞:** –í –ª—É–Ω–Ω—ã–µ –Ω–æ—á–∏ –≤ –æ–∫–Ω–∞—Ö –º–µ–ª—å–∫–∞—é—Ç –≥—Ä–∞—Ü–∏–æ–∑–Ω—ã–µ —Å–∏–ª—É—ç—Ç—ã —Ç–∞–Ω—Ü—É—é—â–∏—Ö —Ñ–∏–≥—É—Ä. –ì–æ–≤–æ—Ä—è—Ç, –¥—É—Ö–∏ –±–∞–ª–µ—Ä–∏–Ω –ø—Ä–æ–¥–æ–ª–∂–∞—é—Ç —Å–≤–æ–∏ –≤–µ—á–Ω—ã–µ —Ä–µ–ø–µ—Ç–∏—Ü–∏–∏. –ñ–µ–ª–∞–Ω–∏—è –æ –≥—Ä–∞—Ü–∏–∏, –∫—Ä–∞—Å–æ—Ç–µ –∏ –∞—Ä—Ç–∏—Å—Ç–∏—á–Ω–æ—Å—Ç–∏, –∑–∞–≥–∞–¥–∞–Ω–Ω—ã–µ –∑–¥–µ—Å—å, –ø–æ–º–æ–≥–∞—é—Ç –æ–±—Ä–µ—Å—Ç–∏ –ª–µ–≥–∫–æ—Å—Ç—å –¥–≤–∏–∂–µ–Ω–∏–π –∏ –¥—É—à–µ–≤–Ω—É—é –≥–∞—Ä–º–æ–Ω–∏—é.";59.71856,30.39923
"–î–æ–º –¢–µ–ø–ª–æ–≤–∞ üéº";"**–ò—Å—Ç–æ—Ä–∏—è:** XIX –≤–µ–∫, –ø—Ä–∏–Ω–∞–¥–ª–µ–∂–∞–ª –∫–æ–º–ø–æ–∑–∏—Ç–æ—Ä—É –¢–µ–ø–ª–æ–≤—É. –í –¥–æ–º–µ —Å–æ–∑–¥–∞–≤–∞–ª–∏—Å—å –º—É–∑—ã–∫–∞–ª—å–Ω—ã–µ –ø—Ä–æ–∏–∑–≤–µ–¥–µ–Ω–∏—è –¥–ª—è —Ü–∞—Ä—Å–∫–æ–≥–æ –¥–≤–æ—Ä–∞, –∑–≤—É—á–∞–ª–∏ –ø–µ—Ä–≤—ã–µ –∏—Å–ø–æ–ª–Ω–µ–Ω–∏—è –∫–∞–º–µ—Ä–Ω–æ–π –º—É–∑—ã–∫–∏. –°—Ç–µ–Ω—ã –ø–æ–º–Ω—è—Ç —Ä–æ–∂–¥–µ–Ω–∏–µ –º–Ω–æ–≥–∏—Ö –º–µ–ª–æ–¥–∏–π, —Å—Ç–∞–≤—à–∏—Ö –∫–ª–∞—Å—Å–∏–∫–æ–π.

**–ú–∏—Å—Ç–∏–∫–∞:** –ü–æ –≤–µ—á–µ—Ä–∞–º –∂–∏—Ç–µ–ª–∏ —Å–ª—ã—à–∞—Ç —Ç–∏—Ö—É—é –º—É–∑—ã–∫—É ‚Äî —Ç–æ –≤–µ—Å–µ–ª—É—é –ø–æ–ª—å–∫—É, —Ç–æ –ø–µ—á–∞–ª—å–Ω—ã–π —Ä–æ–º–∞–Ω—Å. –î—É—Ö –∫–æ–º–ø–æ–∑–∏—Ç–æ—Ä–∞ –¥–∞—Ä—É–µ—Ç –º—É–∑—ã–∫–∞–ª—å–Ω—ã–π –¥–∞—Ä –∏ –ø–æ–º–æ–≥–∞–µ—Ç –≤ —Ç–≤–æ—Ä—á–µ—Å–∫–∏—Ö –∏—Å–∫–∞–Ω–∏—è—Ö. –û—Å–æ–±–µ–Ω–Ω–æ –±–ª–∞–≥–æ—Å–∫–ª–æ–Ω–µ–Ω –∫ –∂–µ–ª–∞–Ω–∏—è–º –æ –≥–∞—Ä–º–æ–Ω–∏–∏ –≤ –æ—Ç–Ω–æ—à–µ–Ω–∏—è—Ö –∏ –¥—É—à–µ–≤–Ω–æ–º —Ä–∞–≤–Ω–æ–≤–µ—Å–∏–∏.";59.71778,30.39889
"–î–æ–º –ü—Ä–æ–∂–µ–∫—Ü–∏–∏ (—ç–ª–µ–∫—Ç—Ä–æ—Å—Ç–∞–Ω—Ü–∏—è) ‚ö°";"**–ò—Å—Ç–æ—Ä–∏—è:** –ù–∞—á–∞–ª–æ XX –≤–µ–∫–∞, –æ–¥–Ω–∞ –∏–∑ –ø–µ—Ä–≤—ã—Ö —ç–ª–µ–∫—Ç—Ä–æ—Å—Ç–∞–Ω—Ü–∏–π –†–æ—Å—Å–∏–∏. –ó–¥–µ—Å—å —Ä–æ–∂–¥–∞–ª—Å—è —Å–≤–µ—Ç, –∫–æ—Ç–æ—Ä—ã–π –≤–ø–µ—Ä–≤—ã–µ –æ—Å–≤–µ—Ç–∏–ª –¥–≤–æ—Ä—Ü—ã –∏ —É–ª–∏—Ü—ã –¶–∞—Ä—Å–∫–æ–≥–æ –°–µ–ª–∞. –†–µ–≤–æ–ª—é—Ü–∏–æ–Ω–Ω–æ–µ –¥–ª—è —Å–≤–æ–µ–≥–æ –≤—Ä–µ–º–µ–Ω–∏ —Å–æ–æ—Ä—É–∂–µ–Ω–∏–µ, –ø—Ä–µ–≤—Ä–∞—Ç–∏–≤—à–µ–µ —Å–∫–∞–∑–∫—É –≤ —Ä–µ–∞–ª—å–Ω–æ—Å—Ç—å.

**–ú–∏—Å—Ç–∏–∫–∞:** –°—Ç–∞—Ä–æ–∂–∏–ª—ã —Ä–∞—Å—Å–∫–∞–∑—ã–≤–∞—é—Ç –æ —Å—Ç—Ä–∞–Ω–Ω—ã—Ö —Å–≤–µ—Ç–æ–≤—ã—Ö —è–≤–ª–µ–Ω–∏—è—Ö –≤–æ–∫—Ä—É–≥ –∑–¥–∞–Ω–∏—è ‚Äî –≤—Å–ø—ã—à–∫–∞—Ö –±–µ–∑ –≥—Ä–æ–º–∞, –æ–≥–æ–Ω—å–∫–∞—Ö, —Ç–∞–Ω—Ü—É—é—â–∏—Ö –≤ –≤–æ–∑–¥—É—Ö–µ. –ú–µ—Å—Ç–æ –æ–±–ª–∞–¥–∞–µ—Ç –æ—Å–æ–±–æ–π —ç–Ω–µ—Ä–≥–µ—Ç–∏–∫–æ–π, –ø–æ–º–æ–≥–∞—è –≤ –∂–µ–ª–∞–Ω–∏—è—Ö –æ –Ω–æ–≤—ã—Ö –Ω–∞—á–∏–Ω–∞–Ω–∏—è—Ö –∏ –æ–∑–∞—Ä–µ–Ω–∏—è—Ö. –î–∞–µ—Ç —Å–∏–ª—É –∏–∑–æ–±—Ä–µ—Ç–∞—Ç–µ–ª—è–º –∏ –Ω–æ–≤–∞—Ç–æ—Ä–∞–º.";59.71634,30.39856
"–ì–æ—Å—Ç–∏–Ω—ã–π –¥–≤–æ—Ä üè™";"**–ò—Å—Ç–æ—Ä–∏—è:** XVIII-XIX –≤–µ–∫, —Ç–æ—Ä–≥–æ–≤—ã–π —Ü–µ–Ω—Ç—Ä –¶–∞—Ä—Å–∫–æ–≥–æ –°–µ–ª–∞. –ó–¥–µ—Å—å –ø—Ä–æ–¥–∞–≤–∞–ª–∏—Å—å —Ç–æ–≤–∞—Ä—ã —Å–æ –≤—Å–µ–π –∏–º–ø–µ—Ä–∏–∏ ‚Äî –æ—Ç —É—Ä–∞–ª—å—Å–∫–∏—Ö —Å–∞–º–æ—Ü–≤–µ—Ç–æ–≤ –¥–æ –∫—Ä—ã–º—Å–∫–∏—Ö —Ñ—Ä—É–∫—Ç–æ–≤. –ú–µ—Å—Ç–æ –≤—Å—Ç—Ä–µ—á –∫—É–ø—Ü–æ–≤, —Ä–µ–º–µ—Å–ª–µ–Ω–Ω–∏–∫–æ–≤ –∏ –ø–æ–∫—É–ø–∞—Ç–µ–ª–µ–π –∏–∑ —Ä–∞–∑–Ω—ã—Ö —Å–æ—Å–ª–æ–≤–∏–π.

**–ú–∏—Å—Ç–∏–∫–∞:** –ì–æ–≤–æ—Ä—è—Ç, —á—Ç–æ –Ω–æ—á—å—é —Å–ª—ã—à–µ–Ω –∑–≤–æ–Ω –º–æ–Ω–µ—Ç –∏ —Ç–∏—Ö–∏–µ –≥–æ–ª–æ—Å–∞ —Ç–æ—Ä–≥—É—é—â–∏—Ö—Å—è. –î—É—Ö–∏ –∫—É–ø—Ü–æ–≤ –ø–æ–º–æ–≥–∞—é—Ç –≤ –∫–æ–º–º–µ—Ä—á–µ—Å–∫–∏—Ö –¥–µ–ª–∞—Ö –∏ —Ñ–∏–Ω–∞–Ω—Å–æ–≤–æ–º –±–ª–∞–≥–æ–ø–æ–ª—É—á–∏–∏. –ñ–µ–ª–∞–Ω–∏—è –æ –¥–æ—Å—Ç–∞—Ç–∫–µ –∏ —É—Å–ø–µ—à–Ω–æ–π —Ç–æ—Ä–≥–æ–≤–ª–µ, –∑–∞–≥–∞–¥–∞–Ω–Ω—ã–µ –∑–¥–µ—Å—å, –∏–º–µ—é—Ç –æ—Å–æ–±—É—é —Å–∏–ª—É –ø—Ä–∏—Ç—è–∂–µ–Ω–∏—è –¥–µ–Ω–µ–≥.";59.71645,30.39698
"–î–∞—á–∞ –Æ—Å—É–ø–æ–≤–æ–π üè∞";"**–ò—Å—Ç–æ—Ä–∏—è:** XIX –≤–µ–∫, –ª–µ—Ç–Ω—è—è —Ä–µ–∑–∏–¥–µ–Ω—Ü–∏—è –∑–Ω–∞–º–µ–Ω–∏—Ç–æ–π –∫–Ω—è–≥–∏–Ω–∏ –Æ—Å—É–ø–æ–≤–æ–π. –ó–¥–µ—Å—å –ø—Ä–∏–Ω–∏–º–∞–ª–∏ –µ–≤—Ä–æ–ø–µ–π—Å–∫—É—é –∑–Ω–∞—Ç—å, —É—Å—Ç—Ä–∞–∏–≤–∞–ª–∏—Å—å –±–∞–ª—ã –∏ –ø—Ä–∏–µ–º—ã. –î–∞—á–∞ —Å–ª–∞–≤–∏–ª–∞—Å—å —Ä–æ—Å–∫–æ—à–Ω—ã–º–∏ —Å–∞–¥–∞–º–∏ –∏ –∏–∑—ã—Å–∫–∞–Ω–Ω—ã–º–∏ –∏–Ω—Ç–µ—Ä—å–µ—Ä–∞–º–∏ –≤ —Å—Ç–∏–ª–µ –∞–º–ø–∏—Ä.

**–ú–∏—Å—Ç–∏–∫–∞:** –í –±–∞–ª—å–Ω–æ–º –∑–∞–ª–µ –∏–Ω–æ–≥–¥–∞ —Å–ª—ã—à–Ω–∞ –ø—Ä–∏–∑—Ä–∞—á–Ω–∞—è –º—É–∑—ã–∫–∞ –≤–∞–ª—å—Å–∞, –∞ –≤ —Å–∞–¥—É –º–µ–ª—å–∫–∞—é—Ç —Å–∏–ª—É—ç—Ç—ã –¥–∞–º –≤ –ø—ã—à–Ω—ã—Ö –ø–ª–∞—Ç—å—è—Ö. –î—É—Ö –∫–Ω—è–≥–∏–Ω–∏ –ø–æ–∫—Ä–æ–≤–∏—Ç–µ–ª—å—Å—Ç–≤—É–µ—Ç –∂–µ–ª–∞–Ω–∏—è–º –æ –∫—Ä–∞—Å–æ—Ç–µ, —ç–ª–µ–≥–∞–Ω—Ç–Ω–æ—Å—Ç–∏ –∏ –≤—ã—Å–æ–∫–æ–º –ø–æ–ª–æ–∂–µ–Ω–∏–∏ –≤ –æ–±—â–µ—Å—Ç–≤–µ. –ü–æ–º–æ–≥–∞–µ—Ç –æ–±—Ä–µ—Å—Ç–∏ –∞—Ä–∏—Å—Ç–æ–∫—Ä–∞—Ç–∏—á–µ—Å–∫–∏–µ –º–∞–Ω–µ—Ä—ã.";59.72145,30.40234
"–î–∞—á–∞ –ú–∞—Ä–∏–∏ –†–æ—Å—Ç–æ–≤—Ü–µ–≤–æ–π üå∏";"**–ò—Å—Ç–æ—Ä–∏—è:** XIX –≤–µ–∫, –∑–∞–≥–æ—Ä–æ–¥–Ω–∞—è —Ä–µ–∑–∏–¥–µ–Ω—Ü–∏—è —Ñ—Ä–µ–π–ª–∏–Ω—ã –ú–∞—Ä–∏–∏ –†–æ—Å—Ç–æ–≤—Ü–µ–≤–æ–π. –ò–∑–≤–µ—Å—Ç–Ω–∞ —Å–≤–æ–∏–º–∏ –ª–∏—Ç–µ—Ä–∞—Ç—É—Ä–Ω—ã–º–∏ —Å–∞–ª–æ–Ω–∞–º–∏, –≥–¥–µ —Å–æ–±–∏—Ä–∞–ª–∏—Å—å –ø–æ—ç—Ç—ã –∏ –ø–∏—Å–∞—Ç–µ–ª–∏. –ó–¥–µ—Å—å —Å–æ–∑–¥–∞–≤–∞–ª–∏—Å—å —Å—Ç–∏—Ö–∏ –∏ –ø—Ä–æ–∑–∞, –ø–æ–∑–∂–µ –≤–æ—à–µ–¥—à–∏–µ –≤ –∑–æ–ª–æ—Ç–æ–π —Ñ–æ–Ω–¥ —Ä—É—Å—Å–∫–æ–π –ª–∏—Ç–µ—Ä–∞—Ç—É—Ä—ã.

**–ú–∏—Å—Ç–∏–∫–∞:** –í –±–∏–±–ª–∏–æ—Ç–µ–∫–µ –¥–∞—á–∏ –∫–Ω–∏–≥–∏ —Å–∞–º–∏ –æ—Ç–∫—Ä—ã–≤–∞—é—Ç—Å—è –Ω–∞ –Ω—É–∂–Ω—ã—Ö —Å—Ç—Ä–∞–Ω–∏—Ü–∞—Ö, –∞ –ø–µ—Ä–æ –≤ —á–µ—Ä–Ω–∏–ª—å–Ω–∏—Ü–µ –Ω–∏–∫–æ–≥–¥–∞ –Ω–µ –ø–µ—Ä–µ—Å—ã—Ö–∞–µ—Ç. –î—É—Ö —Ö–æ–∑—è–π–∫–∏ –ø–æ–º–æ–≥–∞–µ—Ç –≤ –ª–∏—Ç–µ—Ä–∞—Ç—É—Ä–Ω–æ–º —Ç–≤–æ—Ä—á–µ—Å—Ç–≤–µ –∏ –∂–µ–ª–∞–Ω–∏—è—Ö –æ —Å–ª–∞–≤–µ –ø–∏—Å–∞—Ç–µ–ª—è. –û—Å–æ–±–µ–Ω–Ω–æ –±–ª–∞–≥–æ—Å–∫–ª–æ–Ω–Ω–∞ –∫ –∂–µ–Ω—â–∏–Ω–∞–º-–ª–∏—Ç–µ—Ä–∞—Ç–æ—Ä–∞–º.";59.72089,30.40178
"–î–∞—á–∞ –ö–∞–ª–∞—à–Ω–∏–∫–æ–≤–æ–π üé®";"**–ò—Å—Ç–æ—Ä–∏—è:** XIX –≤–µ–∫, –ø—Ä–∏–Ω–∞–¥–ª–µ–∂–∞–ª–∞ —Ö—É–¥–æ–∂–Ω–∏—Ü–µ-–ª—é–±–∏—Ç–µ–ª—å–Ω–∏—Ü–µ –ö–∞–ª–∞—à–Ω–∏–∫–æ–≤–æ–π. –ó–¥–µ—Å—å —É—Å—Ç—Ä–∞–∏–≤–∞–ª–∏—Å—å –≤—ã—Å—Ç–∞–≤–∫–∏ –∫–∞—Ä—Ç–∏–Ω, —Å–æ–±–∏—Ä–∞–ª–∏—Å—å —Ö—É–¥–æ–∂–Ω–∏–∫–∏ –∏ —Ü–µ–Ω–∏—Ç–µ–ª–∏ –∏—Å–∫—É—Å—Å—Ç–≤–∞. –î–∞—á–∞ —Å—Ç–∞–ª–∞ —Ü–µ–Ω—Ç—Ä–æ–º —Ö—É–¥–æ–∂–µ—Å—Ç–≤–µ–Ω–Ω–æ–π –∂–∏–∑–Ω–∏ —Ü–∞—Ä—Å–∫–æ—Å–µ–ª—å—Å–∫–æ–≥–æ –æ–±—â–µ—Å—Ç–≤–∞.

**–ú–∏—Å—Ç–∏–∫–∞:** –í –º–∞—Å—Ç–µ—Ä—Å–∫–æ–π –∏–Ω–æ–≥–¥–∞ –¥–≤–∏–≥–∞—é—Ç—Å—è –∫–∏—Å—Ç–∏, –∞ –Ω–∞ –ø–∞–ª–∏—Ç—Ä–µ –ø—Ä–æ—è–≤–ª—è—é—Ç—Å—è –Ω–æ–≤—ã–µ —Ü–≤–µ—Ç–∞. –î—É—Ö —Ö—É–¥–æ–∂–Ω–∏—Ü—ã –¥–∞—Ä—É–µ—Ç –≤–¥–æ—Ö–Ω–æ–≤–µ–Ω–∏–µ –∏ –ø–æ–º–æ–≥–∞–µ—Ç –≤ —Ä–∞–∑–≤–∏—Ç–∏–∏ —Ç–≤–æ—Ä—á–µ—Å–∫–∏—Ö —Å–ø–æ—Å–æ–±–Ω–æ—Å—Ç–µ–π. –ñ–µ–ª–∞–Ω–∏—è –æ —Ö—É–¥–æ–∂–µ—Å—Ç–≤–µ–Ω–Ω–æ–º —Ç–∞–ª–∞–Ω—Ç–µ –∏ –ø—Ä–∏–∑–Ω–∞–Ω–∏–∏ –∑–¥–µ—Å—å –æ–±—Ä–µ—Ç–∞—é—Ç —è—Ä–∫–∏–µ –∫—Ä–∞—Å–∫–∏ –≤–æ–ø–ª–æ—â–µ–Ω–∏—è.";59.72034,30.40123
"–î–≤–æ—Ä—Ü–æ–≤–∞—è —ç–ª–µ–∫—Ç—Ä–æ—Å—Ç–∞–Ω—Ü–∏—è üîå";"**–ò—Å—Ç–æ—Ä–∏—è:** –ù–∞—á–∞–ª–æ XX –≤–µ–∫–∞, —Å–æ–≤—Ä–µ–º–µ–Ω–Ω–æ–µ —á—É–¥–æ —Ç–µ—Ö–Ω–∏–∫–∏ —Å–≤–æ–µ–≥–æ –≤—Ä–µ–º–µ–Ω–∏. –°–Ω–∞–±–∂–∞–ª–∞ —ç–ª–µ–∫—Ç—Ä–∏—á–µ—Å—Ç–≤–æ–º –∏–º–ø–µ—Ä–∞—Ç–æ—Ä—Å–∫–∏–µ –¥–≤–æ—Ä—Ü—ã, –≤–ø–µ—Ä–≤—ã–µ –≤ –∏—Å—Ç–æ—Ä–∏–∏ –ø—Ä–µ–≤—Ä–∞—Ç–∏–≤ —Å–∫–∞–∑–æ—á–Ω—ã–µ –ø–æ–∫–æ–∏ –≤ —Ä–µ–∞–ª—å–Ω–æ—Å—Ç—å —Å —ç–ª–µ–∫—Ç—Ä–∏—á–µ—Å–∫–∏–º –æ—Å–≤–µ—â–µ–Ω–∏–µ–º –∏ –Ω–æ–≤–µ–π—à–∏–º–∏ —É–¥–æ–±—Å—Ç–≤–∞–º–∏.

**–ú–∏—Å—Ç–∏–∫–∞:** –ú–∞—à–∏–Ω–∏—Å—Ç—ã —Ä–∞—Å—Å–∫–∞–∑—ã–≤–∞–ª–∏ –æ —Å—Ç—Ä–∞–Ω–Ω–æ–º –≥—É–¥–µ–Ω–∏–∏ –º–µ—Ö–∞–Ω–∏–∑–º–æ–≤ –≤ –±–µ–∑–ª—É–Ω–Ω—ã–µ –Ω–æ—á–∏, —Ö–æ—Ç—è —Å—Ç–∞–Ω—Ü–∏—è –±—ã–ª–∞ –≤—ã–∫–ª—é—á–µ–Ω–∞. –ú–µ—Å—Ç–æ —Å–∏–ª—ã –¥–ª—è –≤—Å–µ—Ö, –∫—Ç–æ —Å–≤—è–∑–∞–Ω —Å —Ç–µ—Ö–Ω–∏–∫–æ–π –∏ –ø—Ä–æ–≥—Ä–µ—Å—Å–æ–º. –ü–æ–º–æ–≥–∞–µ—Ç –≤ –æ—Å–≤–æ–µ–Ω–∏–∏ –Ω–æ–≤—ã—Ö —Ç–µ—Ö–Ω–æ–ª–æ–≥–∏–π –∏ –º–æ–¥–µ—Ä–Ω–∏–∑–∞—Ü–∏–∏ –∂–∏–∑–Ω–∏.";59.71589,30.39734
"–î–µ–∂—É—Ä–Ω—ã–µ –∫–æ–Ω—é—à–Ω–∏ üêé";"**–ò—Å—Ç–æ—Ä–∏—è:** XVIII-XIX –≤–µ–∫, –º–µ—Å—Ç–æ —Å–æ–¥–µ—Ä–∂–∞–Ω–∏—è –ª—É—á—à–∏—Ö —Å–∫–∞–∫—É–Ω–æ–≤ –∏–º–ø–µ—Ä–∏–∏. –ó–¥–µ—Å—å –≥–æ—Ç–æ–≤–∏–ª–∏ –ª–æ—à–∞–¥–µ–π –¥–ª—è —Ü–∞—Ä—Å–∫–∏—Ö –≤—ã–µ–∑–¥–æ–≤, –ø–∞—Ä–∞–¥–æ–≤ –∏ –æ—Ö–æ—Ç. –ö–æ–Ω—é—Ö–∏ –≤–ª–∞–¥–µ–ª–∏ —Å–µ–∫—Ä–µ—Ç–∞–º–∏ –≤—ã–µ–∑–¥–∫–∏, –ø–µ—Ä–µ–¥–∞–≤–∞–≤—à–∏–º–∏—Å—è –∏–∑ –ø–æ–∫–æ–ª–µ–Ω–∏—è –≤ –ø–æ–∫–æ–ª–µ–Ω–∏–µ.

**–ú–∏—Å—Ç–∏–∫–∞:** –í —Ç–∏—Ö–∏–µ –Ω–æ—á–∏ —Å–ª—ã—à–Ω–æ —Ä–∂–∞–Ω–∏–µ –ø—Ä–∏–∑—Ä–∞—á–Ω—ã—Ö –∫–æ–Ω–µ–π –∏ —Ü–æ–∫–æ—Ç –ø–æ–¥–∫–æ–≤ –ø–æ –±—Ä—É—Å—á–∞—Ç–∫–µ. –î—É—Ö–∏ –±–ª–∞–≥–æ—Ä–æ–¥–Ω—ã—Ö —Å–∫–∞–∫—É–Ω–æ–≤ –ø–æ–º–æ–≥–∞—é—Ç –≤ –∂–µ–ª–∞–Ω–∏—è—Ö –æ —Å–≤–æ–±–æ–¥–µ, —Å–∫–æ—Ä–æ—Å—Ç–∏ –¥–æ—Å—Ç–∏–∂–µ–Ω–∏—è —Ü–µ–ª–µ–π –∏ –ø—Ä–µ–æ–¥–æ–ª–µ–Ω–∏–∏ –ø—Ä–µ–ø—è—Ç—Å—Ç–≤–∏–π. –î–∞—é—Ç —Å–∏–ª—É –ø—É—Ç–µ—à–µ—Å—Ç–≤–µ–Ω–Ω–∏–∫–∞–º –∏ –∏—Å–∫–∞—Ç–µ–ª—è–º –ø—Ä–∏–∫–ª—é—á–µ–Ω–∏–π.";59.71567,30.39645
"–ò–º–ø–µ—Ä–∞—Ç–æ—Ä—Å–∫–∏–π –≥–∞—Ä–∞–∂ üöó";"**–ò—Å—Ç–æ—Ä–∏—è:** –ù–∞—á–∞–ª–æ XX –≤–µ–∫–∞, –æ–¥–∏–Ω –∏–∑ –ø–µ—Ä–≤—ã—Ö –∞–≤—Ç–æ–º–æ–±–∏–ª—å–Ω—ã—Ö –≥–∞—Ä–∞–∂–µ–π –†–æ—Å—Å–∏–∏. –ó–¥–µ—Å—å —Å–æ–¥–µ—Ä–∂–∞–ª–∏—Å—å –ø–µ—Ä–≤—ã–µ —Ü–∞—Ä—Å–∫–∏–µ –∞–≤—Ç–æ–º–æ–±–∏–ª–∏ ‚Äî —á—É–¥–æ —Ç–µ—Ö–Ω–∏–∫–∏ —Ç–æ–≥–æ –≤—Ä–µ–º–µ–Ω–∏. –ú–µ—Å—Ç–æ, –≥–¥–µ —Ç—Ä–∞–¥–∏—Ü–∏–∏ –≤—Å—Ç—Ä–µ—Ç–∏–ª–∏—Å—å —Å –ø—Ä–æ–≥—Ä–µ—Å—Å–æ–º.

**–ú–∏—Å—Ç–∏–∫–∞:** –ù–æ—á–∞–º–∏ —Å–ª—ã—à–µ–Ω —Ç–∏—Ö–∏–π —Ä–æ–∫–æ—Ç –Ω–µ–≤–∏–¥–∏–º—ã—Ö –º–æ—Ç–æ—Ä–æ–≤. –ú–µ—Ö–∞–Ω–∏–∫–∏ —Ä–∞—Å—Å–∫–∞–∑—ã–≤–∞–ª–∏ –æ —Å–∞–º–æ–∑–∞–ø—É—Å–∫–∞—é—â–∏—Ö—Å—è –¥–≤–∏–≥–∞—Ç–µ–ª—è—Ö –≤ –ø–æ–ª–Ω–æ–ª—É–Ω–∏–µ. –ú–µ—Å—Ç–æ —Å–∏–ª—ã –¥–ª—è –∞–≤—Ç–æ–º–æ–±–∏–ª–∏—Å—Ç–æ–≤ –∏ –≤—Å–µ—Ö, –∫—Ç–æ —Å—Ç—Ä–µ–º–∏—Ç—Å—è –∫ —Å–∫–æ—Ä–æ—Å—Ç–∏ –∏ —Ç–µ—Ö–Ω–∏—á–µ—Å–∫–æ–º—É —Å–æ–≤–µ—Ä—à–µ–Ω—Å—Ç–≤—É –≤ –∂–∏–∑–Ω–∏.";59.71523,30.39678
"–ö–∞–∑–∞—Ä–º—ã –ø–µ—Ö–æ—Ç—ã ‚öîÔ∏è";"**–ò—Å—Ç–æ—Ä–∏—è:** XVIII-XIX –≤–µ–∫, –º–µ—Å—Ç–æ —Ä–∞–∑–º–µ—â–µ–Ω–∏—è —ç–ª–∏—Ç–Ω—ã—Ö –ø–µ—Ö–æ—Ç–Ω—ã—Ö –ø–æ–ª–∫–æ–≤, –æ—Ö—Ä–∞–Ω—è–≤—à–∏—Ö —Ü–∞—Ä—Å–∫—É—é —Ä–µ–∑–∏–¥–µ–Ω—Ü–∏—é. –ó–¥–µ—Å—å –∂–∏–ª–∏ —Å–æ–ª–¥–∞—Ç—ã, –ø—Ä–æ—à–µ–¥—à–∏–µ —Å—É—Ä–æ–≤—É—é —à–∫–æ–ª—É –≤–æ–µ–Ω–Ω–æ–≥–æ –º–∞—Å—Ç–µ—Ä—Å—Ç–≤–∞ –∏ –±–µ–∑–∑–∞–≤–µ—Ç–Ω–æ –ø—Ä–µ–¥–∞–Ω–Ω—ã–µ –∏–º–ø–µ—Ä–∞—Ç–æ—Ä—É.

**–ú–∏—Å—Ç–∏–∫–∞:** –ù–∞ —Ä–∞—Å—Å–≤–µ—Ç–µ —Å–ª—ã—à–Ω—ã –∫–æ–º–∞–Ω–¥—ã –Ω–µ–≤–∏–¥–∏–º–æ–≥–æ –æ—Ñ–∏—Ü–µ—Ä–∞ –∏ —á–µ—Ç–∫–∏–π —à–∞–≥ —Å—Ç—Ä–æ–µ–≤—ã–º. –î—É—Ö–∏ —Å–æ–ª–¥–∞—Ç –∑–∞—â–∏—â–∞—é—Ç –≤—Å–µ—Ö, –∫—Ç–æ –ø—Ä–æ—Å–∏—Ç –æ —Å–∏–ª–µ, –¥–∏—Å—Ü–∏–ø–ª–∏–Ω–µ –∏ –∑–∞—â–∏—Ç–µ –æ—Ç –≤—Ä–∞–≥–æ–≤. –ü–æ–º–æ–≥–∞—é—Ç –æ–±—Ä–µ—Å—Ç–∏ –≤–Ω—É—Ç—Ä–µ–Ω–Ω–∏–π —Å—Ç–µ—Ä–∂–µ–Ω—å –∏ —É–º–µ–Ω–∏–µ –ø–æ—Å—Ç–æ—è—Ç—å –∑–∞ —Å–µ–±—è.";59.71456,30.39612
"–ú–∞–≥–∞–∑–∏–Ω –ì–≤–∞—Ä–¥–∏–∏ üõ°Ô∏è";"**–ò—Å—Ç–æ—Ä–∏—è:** XIX –≤–µ–∫, –≤–æ–µ–Ω–Ω—ã–π —Å–∫–ª–∞–¥ —ç–ª–∏—Ç–Ω—ã—Ö –≥–≤–∞—Ä–¥–µ–π—Å–∫–∏—Ö –ø–æ–ª–∫–æ–≤. –ó–¥–µ—Å—å —Ö—Ä–∞–Ω–∏–ª–∏—Å—å –ø–∞—Ä–∞–¥–Ω—ã–µ –º—É–Ω–¥–∏—Ä—ã, –æ—Ä—É–∂–∏–µ –∏ –∑–Ω–∞–º–µ–Ω–∞. –ú–µ—Å—Ç–æ, –≥–¥–µ –∫–æ–≤–∞–ª–∞—Å—å —Å–ª–∞–≤–∞ —Ä—É—Å—Å–∫–æ–π –≥–≤–∞—Ä–¥–∏–∏ –∏ —Ö—Ä–∞–Ω–∏–ª–∏—Å—å —Å–∏–º–≤–æ–ª—ã –≤–æ–∏–Ω—Å–∫–æ–π —á–µ—Å—Ç–∏.

**–ú–∏—Å—Ç–∏–∫–∞:** –í –Ω–æ—á—å –ø–µ—Ä–µ–¥ –≤–∞–∂–Ω—ã–º–∏ —Å–æ–±—ã—Ç–∏—è–º–∏ —Å–∫–ª–∞–¥—Å–∫–∏–µ –ø–æ–º–µ—â–µ–Ω–∏—è –æ—Å–≤–µ—â–∞—é—Ç—Å—è —Ç–∞–∏–Ω—Å—Ç–≤–µ–Ω–Ω—ã–º —Å–≤–µ—Ç–æ–º. –ì–æ–≤–æ—Ä—è—Ç, –¥—É—Ö–∏ –≥–≤–∞—Ä–¥–µ–π—Ü–µ–≤ –≥–æ—Ç–æ–≤—è—Ç –Ω–µ–≤–∏–¥–∏–º—ã–µ –ø–æ–ª–∫–∏ –∫ –ø–∞—Ä–∞–¥—É. –ú–µ—Å—Ç–æ –¥–∞–µ—Ç —Å–∏–ª—É –ª–∏–¥–µ—Ä–∞–º –∏ –ø–æ–º–æ–≥–∞–µ—Ç –≤ –¥–æ—Å—Ç–∏–∂–µ–Ω–∏–∏ –≤—ã—Å–æ–∫–∏—Ö –∑–≤–∞–Ω–∏–π –∏ –ø–æ—á–µ—Å—Ç–µ–π.";59.71434,30.39589
"–ú—É–∂—Å–∫–æ–µ —É—á–∏–ª–∏—â–µ üìö";"**–ò—Å—Ç–æ—Ä–∏—è:** XIX –≤–µ–∫, —É—á–µ–±–Ω–æ–µ –∑–∞–≤–µ–¥–µ–Ω–∏–µ –¥–ª—è –¥–µ—Ç–µ–π –¥–≤–æ—Ä—è–Ω –∏ —á–∏–Ω–æ–≤–Ω–∏–∫–æ–≤. –ó–¥–µ—Å—å –ø–æ–ª—É—á–∞–ª–∏ –æ–±—Ä–∞–∑–æ–≤–∞–Ω–∏–µ –±—É–¥—É—â–∏–µ –æ—Ñ–∏—Ü–µ—Ä—ã, –¥–∏–ø–ª–æ–º–∞—Ç—ã –∏ –≥–æ—Å—É–¥–∞—Ä—Å—Ç–≤–µ–Ω–Ω—ã–µ –¥–µ—è—Ç–µ–ª–∏. –°—Ç—Ä–æ–≥–∞—è –¥–∏—Å—Ü–∏–ø–ª–∏–Ω–∞ –∏ –≤—ã—Å–æ–∫–æ–µ –∫–∞—á–µ—Å—Ç–≤–æ –æ–±—Ä–∞–∑–æ–≤–∞–Ω–∏—è —Å–ª–∞–≤–∏–ª–∏—Å—å –ø–æ –≤—Å–µ–π –∏–º–ø–µ—Ä–∏–∏.

**–ú–∏—Å—Ç–∏–∫–∞:** –í –∫–ª–∞—Å—Å–∞—Ö —Å–ª—ã—à–Ω—ã –≥–æ–ª–æ—Å–∞ —É—á–∏—Ç–µ–ª–µ–π, —á–∏—Ç–∞—é—â–∏—Ö –ª–µ–∫—Ü–∏–∏ –Ω–µ–≤–∏–¥–∏–º—ã–º —É—á–µ–Ω–∏–∫–∞–º. –î—É—Ö–∏ –ø–µ–¥–∞–≥–æ–≥–æ–≤ –ø–æ–º–æ–≥–∞—é—Ç –≤ —É—á–µ–±–µ, —ç–∫–∑–∞–º–µ–Ω–∞—Ö –∏ –ø–æ–ª—É—á–µ–Ω–∏–∏ –∑–Ω–∞–Ω–∏–π. –°—Ç—É–¥–µ–Ω—Ç—ã, –ø–æ–º–æ–ª–∏–≤—à–∏–µ—Å—è –∑–¥–µ—Å—å –ø–µ—Ä–µ–¥ —ç–∫–∑–∞–º–µ–Ω–∞–º–∏, –≤—Å–µ–≥–¥–∞ –ø–æ–ª—É—á–∞—é—Ç –Ω–µ–æ–∂–∏–¥–∞–Ω–Ω—É—é –ø–æ–º–æ—â—å —Å–≤—ã—à–µ.";59.71389,30.39543
"–ù–∏–∂–Ω–∏–µ –∫–æ–Ω—é—à–Ω–∏ üê¥";"**–ò—Å—Ç–æ—Ä–∏—è:** XVIII –≤–µ–∫, –º–µ—Å—Ç–æ —Å–æ–¥–µ—Ä–∂–∞–Ω–∏—è —Ä–∞–±–æ—á–∏—Ö –ª–æ—à–∞–¥–µ–π –¥–ª—è —Ö–æ–∑—è–π—Å—Ç–≤–µ–Ω–Ω—ã—Ö –Ω—É–∂–¥ –¥–≤–æ—Ä—Ü–∞. –ó–¥–µ—Å—å —Ç—Ä—É–¥–∏–ª–∏—Å—å –ø—Ä–æ—Å—Ç—ã–µ –ª–æ—à–∞–¥–∏ ‚Äî –≤–æ–∑—á–∏–∫–∏, –ø–∞—Ö–∞—Ä–∏, —Ç—è–≥–∞—á–∏. –ë–µ–∑ –Ω–∏—Ö –Ω–µ —Ñ—É–Ω–∫—Ü–∏–æ–Ω–∏—Ä–æ–≤–∞–ª–∞ –±—ã –≤—Å—è –¥–≤–æ—Ä—Ü–æ–≤–∞—è –∂–∏–∑–Ω—å.

**–ú–∏—Å—Ç–∏–∫–∞:** –ö–æ–Ω—é—Ö–∏ —Ä–∞—Å—Å–∫–∞–∑—ã–≤–∞–ª–∏ –æ –ª–æ—à–∞–¥—è—Ö-–ø—Ä–∏–∑—Ä–∞–∫–∞—Ö, –∫–æ—Ç–æ—Ä—ã–µ –ø–æ –Ω–æ—á–∞–º –≤—ã–ø–æ–ª–Ω—è—é—Ç —Å–≤–æ—é –≤–µ—á–Ω—É—é —Ä–∞–±–æ—Ç—É. –ú–µ—Å—Ç–æ —Å–∏–ª—ã –¥–ª—è —Ç—Ä—É–∂–µ–Ω–∏–∫–æ–≤, –ø–æ–º–æ–≥–∞–µ—Ç –≤ –∂–µ–ª–∞–Ω–∏—è—Ö –æ —á–µ—Å—Ç–Ω–æ–º –∑–∞—Ä–∞–±–æ—Ç–∫–µ –∏ —É–≤–∞–∂–µ–Ω–∏–∏ –∫ —Å–≤–æ–µ–º—É —Ç—Ä—É–¥—É. –î–∞–µ—Ç –≤—ã–Ω–æ—Å–ª–∏–≤–æ—Å—Ç—å –∏ —Ç—Ä—É–¥–æ–ª—é–±–∏–µ.";59.71345,30.39498
"–û—Å–æ–±–Ω—è–∫ –ì—É–¥–æ–≤–∏—á–∞ üè∞";"**–ò—Å—Ç–æ—Ä–∏—è:** XIX –≤–µ–∫, —Ä–µ–∑–∏–¥–µ–Ω—Ü–∏—è –≥–µ–Ω–µ—Ä–∞–ª–∞ –ì—É–¥–æ–≤–∏—á–∞, –≥–µ—Ä–æ—è –≤–æ–π–Ω —Å –¢—É—Ä—Ü–∏–µ–π –∏ –§—Ä–∞–Ω—Ü–∏–µ–π. –í –¥–æ–º–µ —Ö—Ä–∞–Ω–∏–ª–∏—Å—å –≤–æ–µ–Ω–Ω—ã–µ —Ç—Ä–æ—Ñ–µ–∏ –∏ –Ω–∞–≥—Ä–∞–¥—ã, –ø—Ä–∏–Ω–∏–º–∞–ª–∏—Å—å –≤—ã—Å–æ–∫–∏–µ –≤–æ–µ–Ω–Ω—ã–µ —á–∏–Ω—ã. –ú–µ—Å—Ç–æ, –æ–≤–µ—è–Ω–Ω–æ–µ —Å–ª–∞–≤–æ–π —Ä—É—Å—Å–∫–æ–≥–æ –æ—Ä—É–∂–∏—è.

**–ú–∏—Å—Ç–∏–∫–∞:** –í –∫–∞–±–∏–Ω–µ—Ç–µ –≥–µ–Ω–µ—Ä–∞–ª–∞ –∏–Ω–æ–≥–¥–∞ —Å–ª—ã—à–µ–Ω —à–µ–ª–µ—Å—Ç –∫–∞—Ä—Ç –∏ —Ç–∏—Ö–∏–µ —Å–æ–≤–µ—â–∞–Ω–∏—è –Ω–µ–≤–∏–¥–∏–º—ã—Ö —à—Ç–∞–±–∏—Å—Ç–æ–≤. –î—É—Ö –≤–æ–µ–Ω–∞—á–∞–ª—å–Ω–∏–∫–∞ –ø–æ–º–æ–≥–∞–µ—Ç –≤ —Å—Ç—Ä–∞—Ç–µ–≥–∏—á–µ—Å–∫–æ–º –ø–ª–∞–Ω–∏—Ä–æ–≤–∞–Ω–∏–∏ –∏ –ø—Ä–∏–Ω—è—Ç–∏–∏ –≤–∞–∂–Ω—ã—Ö —Ä–µ—à–µ–Ω–∏–π. –î–∞–µ—Ç –º—É–¥—Ä–æ—Å—Ç—å —Ä—É–∫–æ–≤–æ–¥–∏—Ç–µ–ª—è–º –∏ –ø–æ–ª–∫–æ–≤–æ–¥—Ü–∞–º.";59.71298,30.39456
"–û—Å–æ–±–Ω—è–∫ –ö–æ–±—ã–ª—å—Å–∫–æ–π-–í–ª–∞—Å—å–µ–≤–æ–π üëë";"**–ò—Å—Ç–æ—Ä–∏—è:** XIX –≤–µ–∫, –ø—Ä–∏–Ω–∞–¥–ª–µ–∂–∞–ª –∑–Ω–∞—Ç–Ω–æ–π –¥–∞–º–µ –∏–º–ø–µ—Ä–∞—Ç–æ—Ä—Å–∫–æ–≥–æ –¥–≤–æ—Ä–∞. –ó–¥–µ—Å—å —É—Å—Ç—Ä–∞–∏–≤–∞–ª–∏—Å—å –ø—Ä–∏–µ–º—ã –¥–ª—è –≤—ã—Å—à–µ–π –∞—Ä–∏—Å—Ç–æ–∫—Ä–∞—Ç–∏–∏, —Ä–µ—à–∞–ª–∏—Å—å –≤–æ–ø—Ä–æ—Å—ã –ø—Ä–∏–¥–≤–æ—Ä–Ω–æ–π –ø–æ–ª–∏—Ç–∏–∫–∏. –¶–µ–Ω—Ç—Ä –≤–ª–∏—è–Ω–∏—è –∏ –∏–Ω—Ç—Ä–∏–≥ –≤—ã—Å—à–µ–≥–æ —Å–≤–µ—Ç–∞.

**–ú–∏—Å—Ç–∏–∫–∞:** –í –±–∞–ª—å–Ω–æ–º –∑–∞–ª–µ —Ç–∞–Ω—Ü—É—é—Ç –ø—Ä–∏–∑—Ä–∞—á–Ω—ã–µ –ø–∞—Ä—ã, –∞ –≤ –±—É–¥—É–∞—Ä–µ —à–µ–ø—á—É—Ç—Å—è –¥–∞–º—ã –æ –ø—Ä–∏–¥–≤–æ—Ä–Ω—ã—Ö —Ç–∞–π–Ω–∞—Ö. –î—É—Ö —Ö–æ–∑—è–π–∫–∏ –ø–æ–º–æ–≥–∞–µ—Ç –≤ –≤–æ–ø—Ä–æ—Å–∞—Ö –≤–ª–∏—è–Ω–∏—è, –æ—á–∞—Ä–æ–≤–∞–Ω–∏—è –∏ –¥–æ—Å—Ç–∏–∂–µ–Ω–∏—è –≤—ã—Å–æ–∫–æ–≥–æ –ø–æ–ª–æ–∂–µ–Ω–∏—è. –û—Å–æ–±–µ–Ω–Ω–æ –±–ª–∞–≥–æ—Å–∫–ª–æ–Ω–Ω–∞ –∫ –∞–º–±–∏—Ü–∏–æ–∑–Ω—ã–º –∂–µ–Ω—â–∏–Ω–∞–º.";59.71254,30.39412
"–û—Å–æ–±–Ω—è–∫ –ö–æ–∫–æ—Ä–µ–≤–∞ üí∞";"**–ò—Å—Ç–æ—Ä–∏—è:** XIX –≤–µ–∫, –ø—Ä–∏–Ω–∞–¥–ª–µ–∂–∞–ª –±–æ–≥–∞—Ç–æ–º—É –ø—Ä–æ–º—ã—à–ª–µ–Ω–Ω–∏–∫—É –ö–æ–∫–æ—Ä–µ–≤—É. –°–∏–º–≤–æ–ª –Ω–æ–≤–æ–≥–æ –≤—Ä–µ–º–µ–Ω–∏, –∫–æ–≥–¥–∞ –¥–µ–Ω—å–≥–∏ —Å—Ç–∞–ª–∏ –∑–Ω–∞—á–∏—Ç—å –Ω–µ –º–µ–Ω—å—à–µ, —á–µ–º —Ç–∏—Ç—É–ª—ã. –ó–¥–µ—Å—å –∑–∞–∫–ª—é—á–∞–ª–∏—Å—å –∫—Ä—É–ø–Ω—ã–µ —Ç–æ—Ä–≥–æ–≤—ã–µ —Å–¥–µ–ª–∫–∏ –∏ —Å—Ç—Ä–æ–∏–ª–∏—Å—å –ø—Ä–æ–º—ã—à–ª–µ–Ω–Ω—ã–µ –∏–º–ø–µ—Ä–∏–∏.

**–ú–∏—Å—Ç–∏–∫–∞:** –í –∫–∞–±–∏–Ω–µ—Ç–µ –±–∏–∑–Ω–µ—Å–º–µ–Ω–∞ —Å—á–µ—Ç—ã —â–µ–ª–∫–∞—é—Ç —Å–∞–º–∏ —Å–æ–±–æ–π, –ø–æ–¥—Å—á–∏—Ç—ã–≤–∞—è –Ω–µ–≤–∏–¥–∏–º—É—é –ø—Ä–∏–±—ã–ª—å. –î—É—Ö –ø—Ä–µ–¥–ø—Ä–∏–Ω–∏–º–∞—Ç–µ–ª—è –ø–æ–∫—Ä–æ–≤–∏—Ç–µ–ª—å—Å—Ç–≤—É–µ—Ç –≤—Å–µ–º —Ç–æ—Ä–≥–æ–≤—ã–º –Ω–∞—á–∏–Ω–∞–Ω–∏—è–º –∏ —Ñ–∏–Ω–∞–Ω—Å–æ–≤—ã–º –ø—Ä–æ–µ–∫—Ç–∞–º. –ü–æ–º–æ–≥–∞–µ—Ç –≤ —É–º–Ω–æ–∂–µ–Ω–∏–∏ –∫–∞–ø–∏—Ç–∞–ª–∞ –∏ –¥–µ–ª–æ–≤–æ–º —á—É—Ç—å–µ.";59.71212,30.39367
"–û—Å–æ–±–Ω—è–∫ –ö–æ—á—É–±–µ—è üé≠";"**–ò—Å—Ç–æ—Ä–∏—è:** XIX –≤–µ–∫, —Ä–æ–¥–æ–≤–æ–µ –≥–Ω–µ–∑–¥–æ —É–∫—Ä–∞–∏–Ω—Å–∫–∏—Ö –º–∞–≥–Ω–∞—Ç–æ–≤ –ö–æ—á—É–±–µ–µ–≤. –°–µ–º—å—è –±—ã–ª–∞ –∏–∑–≤–µ—Å—Ç–Ω–∞ –ø–æ–∫—Ä–æ–≤–∏—Ç–µ–ª—å—Å—Ç–≤–æ–º —É–∫—Ä–∞–∏–Ω—Å–∫–æ–π –∫—É–ª—å—Ç—É—Ä–µ –∏ —Å–æ—Ö—Ä–∞–Ω–µ–Ω–∏–µ–º –∫–∞–∑–∞—Ü–∫–∏—Ö —Ç—Ä–∞–¥–∏—Ü–∏–π. –ó–¥–µ—Å—å –∑–≤—É—á–∞–ª–∏ —É–∫—Ä–∞–∏–Ω—Å–∫–∏–µ –ø–µ—Å–Ω–∏ –∏ —Ç–∞–Ω—Ü—ã.

**–ú–∏—Å—Ç–∏–∫–∞:** –ü–æ –≤–µ—á–µ—Ä–∞–º —Å–ª—ã—à–Ω—ã –º–µ–ª–æ–¥–∏–∏ –±–∞–Ω–¥—É—Ä—ã –∏ –≥–æ–ª–æ—Å–∞, –ø–æ—é—â–∏–µ —Å—Ç–∞—Ä–∏–Ω–Ω—ã–µ —É–∫—Ä–∞–∏–Ω—Å–∫–∏–µ –ø–µ—Å–Ω–∏. –î—É—Ö–∏ —Ä–æ–¥–∞ –ø–æ–º–æ–≥–∞—é—Ç –≤ —Å–æ—Ö—Ä–∞–Ω–µ–Ω–∏–∏ —Ç—Ä–∞–¥–∏—Ü–∏–π, —Å–µ–º–µ–π–Ω—ã—Ö —Å–≤—è–∑–µ–π –∏ –∫—É–ª—å—Ç—É—Ä–Ω–æ–≥–æ –Ω–∞—Å–ª–µ–¥–∏—è. –£–∫—Ä–µ–ø–ª—è—é—Ç —Å–≤—è–∑—å —Å –ø—Ä–µ–¥–∫–∞–º–∏ –∏ —Ä–æ–¥–æ–≤–æ–π –ø–∞–º—è—Ç—å—é.";59.71167,30.39324
"–ü–µ–≤—á–µ—Å–∫–∞—è –±–∞—à–Ω—è üéµ";"**–ò—Å—Ç–æ—Ä–∏—è:** XVIII –≤–µ–∫, –º–µ—Å—Ç–æ —Ä–∞–∑–º–µ—â–µ–Ω–∏—è –ø—Ä–∏–¥–≤–æ—Ä–Ω–æ–≥–æ —Ö–æ—Ä–∞. –û—Ç—Å—é–¥–∞ –∑–≤—É—á–∞–ª–∏ –¥—É—Ö–æ–≤–Ω—ã–µ –ø–µ—Å–Ω–æ–ø–µ–Ω–∏—è –≤–æ –≤—Ä–µ–º—è —Ü–µ—Ä–∫–æ–≤–Ω—ã—Ö —Å–ª—É–∂–± –∏ —Ç–æ—Ä–∂–µ—Å—Ç–≤–µ–Ω–Ω—ã—Ö —Å–æ–±—ã—Ç–∏–π. –ê–∫—É—Å—Ç–∏–∫–∞ –±–∞—à–Ω–∏ –±—ã–ª–∞ —Ä–∞—Å—Å—á–∏—Ç–∞–Ω–∞ –Ω–∞ —á–∏—Å—Ç–æ–µ –∑–≤—É—á–∞–Ω–∏–µ –≥–æ–ª–æ—Å–æ–≤.

**–ú–∏—Å—Ç–∏–∫–∞:** –í –¥–Ω–∏ –±–æ–ª—å—à–∏—Ö —Ü–µ—Ä–∫–æ–≤–Ω—ã—Ö –ø—Ä–∞–∑–¥–Ω–∏–∫–æ–≤ –±–∞—à–Ω—è –Ω–∞–ø–æ–ª–Ω—è–µ—Ç—Å—è –∞–Ω–≥–µ–ª—å—Å–∫–∏–º –ø–µ–Ω–∏–µ–º, —Ö–æ—Ç—è —Ö–æ—Ä–∏—Å—Ç–æ–≤ —Ç–∞–º –Ω–µ—Ç. –î—É—Ö–∏ –ø–µ–≤—á–∏—Ö –¥–∞—é—Ç –¥–∞—Ä –∫—Ä–∞—Å–∏–≤–æ–≥–æ –≥–æ–ª–æ—Å–∞ –∏ –ø–æ–º–æ–≥–∞—é—Ç –≤ –º—É–∑—ã–∫–∞–ª—å–Ω–æ–º —Ç–≤–æ—Ä—á–µ—Å—Ç–≤–µ. –ú–µ—Å—Ç–æ —Å–∏–ª—ã –¥–ª—è –≤—Å–µ—Ö, –∫—Ç–æ —Å–≤—è–∑–∞–Ω —Å –≤–æ–∫–∞–ª—å–Ω—ã–º –∏—Å–∫—É—Å—Å—Ç–≤–æ–º.";59.71123,30.39278
"–ü—Ä–∏–¥–≤–æ—Ä–Ω—ã–π –º–∞–Ω–µ–∂ üèá";"**–ò—Å—Ç–æ—Ä–∏—è:** XVIII-XIX –≤–µ–∫, –º–µ—Å—Ç–æ –æ–±—É—á–µ–Ω–∏—è –≤–µ—Ä—Ö–æ–≤–æ–π –µ–∑–¥–µ —Ü–∞—Ä—Å–∫–æ–π —Å–µ–º—å–∏ –∏ –ø—Ä–∏–¥–≤–æ—Ä–Ω—ã—Ö. –ó–¥–µ—Å—å –ø—Ä–æ—Ö–æ–¥–∏–ª–∏ —É—Ä–æ–∫–∏ –≤–µ—Ä—Ö–æ–≤–æ–π –µ–∑–¥—ã, –∫–æ–Ω–Ω—ã–µ –±–∞–ª–µ—Ç—ã –∏ –ø–æ–∫–∞–∑–∞—Ç–µ–ª—å–Ω—ã–µ –≤—ã—Å—Ç—É–ø–ª–µ–Ω–∏—è. –¶–µ–Ω—Ç—Ä –∫–æ–Ω–Ω–æ–≥–æ –∏—Å–∫—É—Å—Å—Ç–≤–∞ –∏–º–ø–µ—Ä–∏–∏.

**–ú–∏—Å—Ç–∏–∫–∞:** –í –º–∞–Ω–µ–∂–µ —Å–ª—ã—à–µ–Ω —Ü–æ–∫–æ—Ç –∫–æ–ø—ã—Ç –ø—Ä–∏–∑—Ä–∞—á–Ω—ã—Ö –∫–æ–Ω–µ–π –∏ –∫–æ–º–∞–Ω–¥—ã –Ω–µ–≤–∏–¥–∏–º—ã—Ö –±–µ—Ä–µ–π—Ç–æ—Ä–æ–≤. –î—É—Ö–∏ –Ω–∞–µ–∑–¥–Ω–∏–∫–æ–≤ –ø–æ–º–æ–≥–∞—é—Ç –≤ –æ—Å–≤–æ–µ–Ω–∏–∏ –ª—é–±—ã—Ö –Ω–∞–≤—ã–∫–æ–≤, —Ç—Ä–µ–±—É—é—â–∏—Ö –∫–æ–æ—Ä–¥–∏–Ω–∞—Ü–∏–∏ –∏ –º–∞—Å—Ç–µ—Ä—Å—Ç–≤–∞. –î–∞—é—Ç –≥—Ä–∞—Ü–∏—é –∏ —É–≤–µ—Ä–µ–Ω–Ω–æ—Å—Ç—å –≤ –¥–≤–∏–∂–µ–Ω–∏—è—Ö.";59.71078,30.39234
"–°–ª—É—à–µ–Ω–Ω—ã–π —Ñ–ª–∏–≥–µ–ª—å üëÇ";"**–ò—Å—Ç–æ—Ä–∏—è:** XVIII –≤–µ–∫, –º–µ—Å—Ç–æ —Ä–∞–∑–º–µ—â–µ–Ω–∏—è –ø—Ä–∏–¥–≤–æ—Ä–Ω—ã—Ö –º—É–∑—ã–∫–∞–Ω—Ç–æ–≤ –∏ –ø–µ–≤—Ü–æ–≤. –û—Ç—Å—é–¥–∞ –¥–æ–Ω–æ—Å–∏–ª–∞—Å—å –º—É–∑—ã–∫–∞ –¥–ª—è –¥–≤–æ—Ä—Ü–æ–≤—ã—Ö –±–∞–ª–æ–≤ –∏ –ø—Ä–∏–µ–º–æ–≤. –ó–¥–µ—Å—å –∂–∏–ª–∏ —Ç–µ, –∫—Ç–æ —Å–æ–∑–¥–∞–≤–∞–ª –∑–≤—É–∫–æ–≤–æ–µ –æ—Ñ–æ—Ä–º–ª–µ–Ω–∏–µ –ø—Ä–∏–¥–≤–æ—Ä–Ω–æ–π –∂–∏–∑–Ω–∏.

**–ú–∏—Å—Ç–∏–∫–∞:** –§–ª–∏–≥–µ–ª—å –¥–æ —Å–∏—Ö –ø–æ—Ä –Ω–∞–ø–æ–ª–Ω–µ–Ω –ø—Ä–∏–∑—Ä–∞—á–Ω—ã–º–∏ –º–µ–ª–æ–¥–∏—è–º–∏ ‚Äî —Ç–æ —Ç–æ—Ä–∂–µ—Å—Ç–≤–µ–Ω–Ω—ã–º –º–∞—Ä—à–µ–º, —Ç–æ –Ω–µ–∂–Ω—ã–º –º–µ–Ω—É—ç—Ç–æ–º. –î—É—Ö–∏ –º—É–∑—ã–∫–∞–Ω—Ç–æ–≤ –¥–∞—Ä—è—Ç –º—É–∑—ã–∫–∞–ª—å–Ω—ã–π —Å–ª—É—Ö –∏ —á—É–≤—Å—Ç–≤–æ —Ä–∏—Ç–º–∞. –ü–æ–º–æ–≥–∞—é—Ç –≤ —Ä–∞–∑–≤–∏—Ç–∏–∏ –º—É–∑—ã–∫–∞–ª—å–Ω—ã—Ö —Å–ø–æ—Å–æ–±–Ω–æ—Å—Ç–µ–π –∏ –∞—Ä—Ç–∏—Å—Ç–∏—á–Ω–æ—Å—Ç–∏.";59.71034,30.39189
"–ü–µ—Ä–≤–∞—è —Ä–∞—Ç—É—à–∞ üèõÔ∏è";"**–ò—Å—Ç–æ—Ä–∏—è:** XVIII –≤–µ–∫, –ø–µ—Ä–≤–æ–µ –∑–¥–∞–Ω–∏–µ –≥–æ—Ä–æ–¥—Å–∫–æ–≥–æ —Å–∞–º–æ—É–ø—Ä–∞–≤–ª–µ–Ω–∏—è –¶–∞—Ä—Å–∫–æ–≥–æ –°–µ–ª–∞. –ó–¥–µ—Å—å –∑–∞—Ä–æ–∂–¥–∞–ª–∞—Å—å –≥–æ—Ä–æ–¥—Å–∫–∞—è –∂–∏–∑–Ω—å, –ø—Ä–∏–Ω–∏–º–∞–ª–∏—Å—å –ø–µ—Ä–≤—ã–µ –º–µ—Å—Ç–Ω—ã–µ –∑–∞–∫–æ–Ω—ã. –°–∏–º–≤–æ–ª —Å—Ç–∞–Ω–æ–≤–ª–µ–Ω–∏—è –≥—Ä–∞–∂–¥–∞–Ω—Å–∫–æ–≥–æ –æ–±—â–µ—Å—Ç–≤–∞ –≤ –†–æ—Å—Å–∏–∏.

**–ú–∏—Å—Ç–∏–∫–∞:** –í –∑–¥–∞–Ω–∏–∏ —Ä–∞—Ç—É—à–∏ –≤–µ—Å—ã –ø—Ä–∞–≤–æ—Å—É–¥–∏—è –∫–∞—á–∞—é—Ç—Å—è —Å–∞–º–∏ —Å–æ–±–æ–π, –æ—Ç–º–µ—Ä—è—è —Å–ø—Ä–∞–≤–µ–¥–ª–∏–≤–æ—Å—Ç—å. –ú–µ—Å—Ç–æ —Å–∏–ª—ã –¥–ª—è –≤—Å–µ—Ö, –∫—Ç–æ –±–æ—Ä–µ—Ç—Å—è –∑–∞ –ø—Ä–∞–≤–¥—É –∏ —Å–ø—Ä–∞–≤–µ–¥–ª–∏–≤–æ—Å—Ç—å. –ü–æ–º–æ–≥–∞–µ—Ç –≤ —Å—É–¥–µ–±–Ω—ã—Ö –¥–µ–ª–∞—Ö –∏ –≤–æ—Å—Å—Ç–∞–Ω–æ–≤–ª–µ–Ω–∏–∏ –ø–æ–ø—Ä–∞–Ω–Ω—ã—Ö –ø—Ä–∞–≤.";59.70989,30.39145
"–ü–æ–∂–∞—Ä–Ω–∞—è —á–∞—Å—Ç—å üöí";"**–ò—Å—Ç–æ—Ä–∏—è:** XIX –≤–µ–∫, –ø–µ—Ä–≤–∞—è –æ—Ä–≥–∞–Ω–∏–∑–æ–≤–∞–Ω–Ω–∞—è –ø–æ–∂–∞—Ä–Ω–∞—è —Å–ª—É–∂–±–∞ –¶–∞—Ä—Å–∫–æ–≥–æ –°–µ–ª–∞. –û—Ç–≤–∞–∂–Ω—ã–µ –ø–æ–∂–∞—Ä–Ω—ã–µ –∑–∞—â–∏—â–∞–ª–∏ –æ—Ç –æ–≥–Ω—è –¥–≤–æ—Ä—Ü—ã –∏ –¥–æ–º–∞ –≥–æ—Ä–æ–∂–∞–Ω. –ò—Ö –±—ã—Å—Ç—Ä–æ—Ç–∞ —Ä–µ–∞–∫—Ü–∏–∏ –∏ –º—É–∂–µ—Å—Ç–≤–æ —Å–ø–∞—Å–ª–∏ –æ—Ç —É–Ω–∏—á—Ç–æ–∂–µ–Ω–∏—è –º–Ω–æ–∂–µ—Å—Ç–≤–æ –∏—Å—Ç–æ—Ä–∏—á–µ—Å–∫–∏—Ö –∑–¥–∞–Ω–∏–π.

**–ú–∏—Å—Ç–∏–∫–∞:** –í –ø–æ–∂–∞—Ä–Ω–æ–º –¥–µ–ø–æ —Å–ª—ã—à–µ–Ω –∑–≤–æ–Ω –∫–æ–ª–æ–∫–æ–ª–∞ —Ç—Ä–µ–≤–æ–≥–∏, —Ö–æ—Ç—è –µ–≥–æ —Å–Ω—è–ª–∏ –¥–µ—Å—è—Ç–∏–ª–µ—Ç–∏—è –Ω–∞–∑–∞–¥. –î—É—Ö–∏ –ø–æ–∂–∞—Ä–Ω—ã—Ö –∑–∞—â–∏—â–∞—é—Ç –æ—Ç –≤—Å–µ—Ö –≤–∏–¥–æ–≤ –±–µ–¥—Å—Ç–≤–∏–π –∏ –∫–∞—Ç–∞—Å—Ç—Ä–æ—Ñ. –ü–æ–º–æ–≥–∞—é—Ç –≤ —ç–∫—Å—Ç—Ä–µ–Ω–Ω—ã—Ö —Å–∏—Ç—É–∞—Ü–∏—è—Ö –∏ –¥–∞—é—Ç —Å–∏–ª—ã –¥–ª—è —Å–ø–∞—Å–µ–Ω–∏—è –¥—Ä—É–≥–∏—Ö.";59.70945,30.39102
"–ú–æ—Å–∫–æ–≤—Å–∫–∏–µ –≤–æ—Ä–æ—Ç–∞ ‚õ©Ô∏è";"**–ò—Å—Ç–æ—Ä–∏—è:** 1834-1838 –≥–æ–¥—ã, —Ç—Ä–∏—É–º—Ñ–∞–ª—å–Ω–∞—è –∞—Ä–∫–∞ –∞—Ä—Ö–∏—Ç–µ–∫—Ç–æ—Ä–∞ –°—Ç–∞—Å–æ–≤–∞ –≤ —á–µ—Å—Ç—å –ø–æ–±–µ–¥ —Ä—É—Å—Å–∫–æ–π –∞—Ä–º–∏–∏. –ß–µ—Ä–µ–∑ —ç—Ç–∏ –≤–æ—Ä–æ—Ç–∞ –ø—Ä–æ–µ–∑–∂–∞–ª–∏ –ø–æ–±–µ–¥–∏—Ç–µ–ª–∏ –û—Ç–µ—á–µ—Å—Ç–≤–µ–Ω–Ω–æ–π –≤–æ–π–Ω—ã 1812 –≥–æ–¥–∞. –°–∏–º–≤–æ–ª –≤–æ–∏–Ω—Å–∫–æ–π —Å–ª–∞–≤—ã –∏ –Ω–µ–ø–æ–±–µ–¥–∏–º–æ—Å—Ç–∏ —Ä—É—Å—Å–∫–æ–≥–æ –¥—É—Ö–∞.

**–ú–∏—Å—Ç–∏–∫–∞:** –í –Ω–æ—á—å –Ω–∞ –≥–æ–¥–æ–≤—â–∏–Ω—É –≤–µ–ª–∏–∫–∏—Ö –ø–æ–±–µ–¥ –≤–æ—Ä–æ—Ç–∞ –æ–∑–∞—Ä—è—é—Ç—Å—è —Ç–∞–∏–Ω—Å—Ç–≤–µ–Ω–Ω—ã–º —Å–≤–µ—Ç–æ–º, –∞ –≤ –≤–æ–∑–¥—É—Ö–µ —Å–ª—ã—à–Ω—ã –∑–≤—É–∫–∏ –≤–æ–µ–Ω–Ω—ã—Ö –º–∞—Ä—à–µ–π. –ú–µ—Å—Ç–æ –¥–∞–µ—Ç —Å–∏–ª—É –ø–∞—Ç—Ä–∏–æ—Ç–∞–º –∏ –∑–∞—â–∏—Ç–Ω–∏–∫–∞–º –û—Ç–µ—á–µ—Å—Ç–≤–∞. –ü–æ–º–æ–≥–∞–µ—Ç –≤ –ø—Ä–µ–æ–¥–æ–ª–µ–Ω–∏–∏ –ª—é–±—ã—Ö –∂–∏–∑–Ω–µ–Ω–Ω—ã—Ö –±–∏—Ç–≤.";59.70901,30.39058
"–î–æ–º –¢–µ–ø–ø–µ—Ä–∞ –¥–µ –§–µ—Ä–≥—é—Å–æ–Ω–∞ üé©";"**–ò—Å—Ç–æ—Ä–∏—è:** XIX –≤–µ–∫, —Ä–µ–∑–∏–¥–µ–Ω—Ü–∏—è –±–∞–Ω–∫–∏—Ä–∞ –∏ –ø—Ä–æ–º—ã—à–ª–µ–Ω–Ω–∏–∫–∞ —à–æ—Ç–ª–∞–Ω–¥—Å–∫–æ–≥–æ –ø—Ä–æ–∏—Å—Ö–æ–∂–¥–µ–Ω–∏—è. –°–∏–º–≤–æ–ª –∏–Ω—Ç–µ—Ä–Ω–∞—Ü–∏–æ–Ω–∞–ª—å–Ω–æ–≥–æ —Ö–∞—Ä–∞–∫—Ç–µ—Ä–∞ —Ä–æ—Å—Å–∏–π—Å–∫–æ–≥–æ –ø—Ä–µ–¥–ø—Ä–∏–Ω–∏–º–∞—Ç–µ–ª—å—Å—Ç–≤–∞. –ó–¥–µ—Å—å –∑–∞–∫–ª—é—á–∞–ª–∏—Å—å —Å–¥–µ–ª–∫–∏ —Å –µ–≤—Ä–æ–ø–µ–π—Å–∫–∏–º–∏ –ø–∞—Ä—Ç–Ω–µ—Ä–∞–º–∏.

**–ú–∏—Å—Ç–∏–∫–∞:** –í –∫–∞–±–∏–Ω–µ—Ç–µ –±–∞–Ω–∫–∏—Ä–∞ –∑–æ–ª–æ—Ç—ã–µ –º–æ–Ω–µ—Ç—ã –∑–≤–µ–Ω—è—Ç —Å–∞–º–∏ —Å–æ–±–æ–π, –ø—Ä–∏–≤–ª–µ–∫–∞—è –±–æ–≥–∞—Ç—Å—Ç–≤–æ. –î—É—Ö —Ñ–∏–Ω–∞–Ω—Å–∏—Å—Ç–∞ –ø–æ–º–æ–≥–∞–µ—Ç –≤ –±–∞–Ω–∫–æ–≤—Å–∫–∏—Ö –æ–ø–µ—Ä–∞—Ü–∏—è—Ö, –∏–Ω–≤–µ—Å—Ç–∏—Ü–∏—è—Ö –∏ –º–µ–∂–¥—É–Ω–∞—Ä–æ–¥–Ω–æ–º –±–∏–∑–Ω–µ—Å–µ. –ü—Ä–∏—Ç—è–≥–∏–≤–∞–µ—Ç –∏–Ω–æ—Å—Ç—Ä–∞–Ω–Ω—ã—Ö –ø–∞—Ä—Ç–Ω–µ—Ä–æ–≤ –∏ –≤—ã–≥–æ–¥–Ω—ã–µ —Å–¥–µ–ª–∫–∏.";59.70856,30.39015
"–£—Å—ã–ø–∞–ª—å–Ω–∏—Ü–∞ –Æ—Ä—å–µ–≤—Å–∫–∏—Ö ‚ö∞Ô∏è";"**–ò—Å—Ç–æ—Ä–∏—è:** XIX –≤–µ–∫, —Å–µ–º–µ–π–Ω—ã–π —Å–∫–ª–µ–ø –º–æ—Ä–≥–∞–Ω–∞—Ç–∏—á–µ—Å–∫–æ–π —Å—É–ø—Ä—É–≥–∏ –ê–ª–µ–∫—Å–∞–Ω–¥—Ä–∞ II. –ú–µ—Å—Ç–æ —É–ø–æ–∫–æ–µ–Ω–∏—è —Ç–µ—Ö, –∫—Ç–æ –ª—é–±–∏–ª –Ω–µ –ø–æ –∑–∞–∫–æ–Ω—É, –Ω–æ –∏—Å–∫—Ä–µ–Ω–Ω–µ –∏ –ø—Ä–µ–¥–∞–Ω–Ω–æ. –ò—Å—Ç–æ—Ä–∏—è —Ç—Ä–∞–≥–∏—á–µ—Å–∫–æ–π –ª—é–±–≤–∏, –ø–æ–±–µ–¥–∏–≤—à–µ–π —Å–º–µ—Ä—Ç—å.

**–ú–∏—Å—Ç–∏–∫–∞:** –£ —Å–∫–ª–µ–ø–∞ —Ä–∞—Å—Ü–≤–µ—Ç–∞—é—Ç —Ü–≤–µ—Ç—ã –≤ –ª—é–±–æ–µ –≤—Ä–µ–º—è –≥–æ–¥–∞, –∞ –≤–ª—é–±–ª–µ–Ω–Ω—ã–µ —á—É–≤—Å—Ç–≤—É—é—Ç –Ω–µ–æ–±—ä—è—Å–Ω–∏–º–æ–µ —Ç–µ–ø–ª–æ. –î—É—à–∏ –ø–æ–∫–æ—è—â–∏—Ö—Å—è –∑–¥–µ—Å—å –±–ª–∞–≥–æ—Å–ª–æ–≤–ª—è—é—Ç –∏—Å—Ç–∏–Ω–Ω—É—é –ª—é–±–æ–≤—å –∏ –ø–æ–º–æ–≥–∞—é—Ç –≤–ª—é–±–ª–µ–Ω–Ω—ã–º –ø—Ä–µ–æ–¥–æ–ª–µ—Ç—å –ª—é–±—ã–µ –ø—Ä–µ–ø—è—Ç—Å—Ç–≤–∏—è –Ω–∞ –ø—É—Ç–∏ –∫ —Å—á–∞—Å—Ç—å—é.";59.70812,30.38971
"–î–æ–º –ß–∏—Å—Ç—è–∫–æ–≤–∞ üìñ";"**–ò—Å—Ç–æ—Ä–∏—è:** XIX –≤–µ–∫, –ø—Ä–∏–Ω–∞–¥–ª–µ–∂–∞–ª –∏–∑–≤–µ—Å—Ç–Ω–æ–º—É –ø–µ–¥–∞–≥–æ–≥—É –∏ –ø—Ä–æ—Å–≤–µ—Ç–∏—Ç–µ–ª—é –ß–∏—Å—Ç—è–∫–æ–≤—É. –ó–¥–µ—Å—å –ø—Ä–æ–≤–æ–¥–∏–ª–∏—Å—å –æ–±—Ä–∞–∑–æ–≤–∞—Ç–µ–ª—å–Ω—ã–µ –≤—Å—Ç—Ä–µ—á–∏, –æ–±—Å—É–∂–¥–∞–ª–∏—Å—å –Ω–æ–≤—ã–µ –º–µ—Ç–æ–¥—ã –æ–±—É—á–µ–Ω–∏—è. –¶–µ–Ω—Ç—Ä –ø–µ–¥–∞–≥–æ–≥–∏—á–µ—Å–∫–æ–π –º—ã—Å–ª–∏ –¶–∞—Ä—Å–∫–æ–≥–æ –°–µ–ª–∞.

**–ú–∏—Å—Ç–∏–∫–∞:** –í —É—á–µ–±–Ω—ã—Ö –∫–æ–º–Ω–∞—Ç–∞—Ö –º–µ–ª —Å–∞–º –≤—ã–≤–æ–¥–∏—Ç —Ñ–æ—Ä–º—É–ª—ã –Ω–∞ –¥–æ—Å–∫–µ, –∞ –∫–Ω–∏–≥–∏ –æ—Ç–∫—Ä—ã–≤–∞—é—Ç—Å—è –Ω–∞ –Ω—É–∂–Ω—ã—Ö —Å—Ç—Ä–∞–Ω–∏—Ü–∞—Ö. –î—É—Ö –ø–µ–¥–∞–≥–æ–≥–∞ –ø–æ–º–æ–≥–∞–µ—Ç —É—á–∏—Ç–µ–ª—è–º –∏ —É—á–µ–Ω–∏–∫–∞–º, –¥–∞–µ—Ç —è—Å–Ω–æ—Å—Ç—å –º—ã—Å–ª–∏ –∏ —Å–ø–æ—Å–æ–±–Ω–æ—Å—Ç—å –∫ –æ–±—É—á–µ–Ω–∏—é –¥—Ä—É–≥–∏—Ö.";59.70767,30.38928
"–û—Å–æ–±–Ω—è–∫ –¥. –ü–∞–ª–µ–π üë∏";"**–ò—Å—Ç–æ—Ä–∏—è:** –ù–∞—á–∞–ª–æ XX –≤–µ–∫–∞, —Ä–µ–∑–∏–¥–µ–Ω—Ü–∏—è –≤–µ–ª–∏–∫–æ–π –∫–Ω—è–∂–Ω—ã –û–ª—å–≥–∏ –ü–∞–ª–µ–π. –ú–µ—Å—Ç–æ, –≥–¥–µ –∞—Ä–∏—Å—Ç–æ–∫—Ä–∞—Ç–∏—á–µ—Å–∫–∏–µ —Ç—Ä–∞–¥–∏—Ü–∏–∏ –≤—Å—Ç—Ä–µ—Ç–∏–ª–∏—Å—å —Å –≤–µ—è–Ω–∏—è–º–∏ –Ω–æ–≤–æ–≥–æ –≤—Ä–µ–º–µ–Ω–∏. –ü–æ—Å–ª–µ–¥–Ω–∏–π –æ–ø–ª–æ—Ç –¥–≤–æ—Ä—è–Ω—Å–∫–æ–π –∫—É–ª—å—Ç—É—Ä—ã –ø–µ—Ä–µ–¥ —Ä–µ–≤–æ–ª—é—Ü–∏–æ–Ω–Ω—ã–º–∏ –±—É—Ä—è–º–∏.

**–ú–∏—Å—Ç–∏–∫–∞:** –í –æ—Å–æ–±–Ω—è–∫–µ —Å–ª—ã—à–Ω–∞ –º—É–∑—ã–∫–∞ –ø–æ—Å–ª–µ–¥–Ω–µ–≥–æ —Ü–∞—Ä—Å–∫–æ–≥–æ –±–∞–ª–∞ ‚Äî –≤–∞–ª—å—Å, –∫–æ—Ç–æ—Ä—ã–π —Ç–∞–∫ –∏ –Ω–µ –∑–∞–∫–æ–Ω—á–∏–ª—Å—è. –î—É—Ö –∫–Ω—è–∂–Ω—ã –ø–æ–º–æ–≥–∞–µ—Ç —Å–æ—Ö—Ä–∞–Ω–∏—Ç—å –¥–æ—Å—Ç–æ–∏–Ω—Å—Ç–≤–æ –≤ –ª—é–±—ã—Ö –æ–±—Å—Ç–æ—è—Ç–µ–ª—å—Å—Ç–≤–∞—Ö –∏ –Ω–∞–π—Ç–∏ –∫—Ä–∞—Å–æ—Ç—É –¥–∞–∂–µ –≤ —Ç—Ä—É–¥–Ω—ã–µ –≤—Ä–µ–º–µ–Ω–∞.";59.70723,30.38884
"–î–æ–º-–¥–∞—á–∞ –ü—É—à–∫–∏–Ω–∞ üè°";"**–ò—Å—Ç–æ—Ä–∏—è:** 1831 –≥–æ–¥, –ª–µ—Ç–Ω—è—è —Ä–µ–∑–∏–¥–µ–Ω—Ü–∏—è –ê.–°. –ü—É—à–∫–∏–Ω–∞ —Å –º–æ–ª–æ–¥–æ–π –∂–µ–Ω–æ–π –ù–∞—Ç–∞–ª—å–µ–π –ì–æ–Ω—á–∞—Ä–æ–≤–æ–π. –ó–¥–µ—Å—å –ø–æ—ç—Ç –ø—Ä–æ–≤–µ–ª —Å—á–∞—Å—Ç–ª–∏–≤—ã–µ –º–µ—Å—è—Ü—ã —Å–µ–º–µ–π–Ω–æ–π –∂–∏–∑–Ω–∏, —Å–æ–∑–¥–∞–≤–∞—è ""–ü–æ–≤–µ—Å—Ç–∏ –ë–µ–ª–∫–∏–Ω–∞"" –∏ —Ä–∞–±–æ—Ç–∞—è –Ω–∞–¥ ""–ï–≤–≥–µ–Ω–∏–µ–º –û–Ω–µ–≥–∏–Ω—ã–º"".

**–ú–∏—Å—Ç–∏–∫–∞:** –í –∫–∞–±–∏–Ω–µ—Ç–µ –ø–æ—ç—Ç–∞ –ø–µ—Ä–æ —Å–∞–º–æ –≤—ã–≤–æ–¥–∏—Ç —Å—Ç—Ä–æ–∫–∏ –Ω–∞ –±—É–º–∞–≥–µ, –∞ –º—É–∑–∞ —à–µ–ø—á–µ—Ç –Ω–æ–≤—ã–µ —Ä–∏—Ñ–º—ã. –î—É—Ö –ü—É—à–∫–∏–Ω–∞ –¥–∞—Ä—É–µ—Ç –ø–æ—ç—Ç–∏—á–µ—Å–∫–∏–π –¥–∞—Ä –∏ –≤–¥–æ—Ö–Ω–æ–≤–µ–Ω–∏–µ. –û—Å–æ–±–µ–Ω–Ω–æ –ø–æ–º–æ–≥–∞–µ—Ç –≤ –ª—é–±–æ–≤–Ω–æ–π –ª–∏—Ä–∏–∫–µ –∏ —Å–µ–º–µ–π–Ω–æ–º —Å—á–∞—Å—Ç—å–µ –º–æ–ª–æ–¥–æ–∂–µ–Ω–æ–≤.";59.70678,30.38841
"–î–æ–º-–º—É–∑–µ–π –ê–Ω–Ω—ã –ê—Ö–º–∞—Ç–æ–≤–æ–π üìù";"**–ò—Å—Ç–æ—Ä–∏—è:** XX –≤–µ–∫, –ø–æ—Å–ª–µ–¥–Ω—è—è –∫–≤–∞—Ä—Ç–∏—Ä–∞ –≤–µ–ª–∏–∫–æ–π –ø–æ—ç—Ç–µ—Å—Å—ã –°–µ—Ä–µ–±—Ä—è–Ω–æ–≥–æ –≤–µ–∫–∞. –ó–¥–µ—Å—å —Å–æ–∑–¥–∞–≤–∞–ª–∏—Å—å —Å—Ç–∏—Ö–∏ ""–†–µ–∫–≤–∏–µ–º–∞"", –∑–≤—É—á–∞–ª–∏ –≥–æ–ª–æ—Å–∞ –ø–æ—Å–ª–µ–¥–Ω–∏—Ö –º–æ–≥–∏–∫–∞–Ω —Ä—É—Å—Å–∫–æ–π –ø–æ—ç–∑–∏–∏. –ú–µ—Å—Ç–æ, –≥–¥–µ –ø–æ—ç–∑–∏—è –ø–æ–±–µ–∂–¥–∞–ª–∞ –≤—Ä–µ–º—è –∏ –∑–∞–±–≤–µ–Ω–∏–µ.

**–ú–∏—Å—Ç–∏–∫–∞:** –í –∫–æ–º–Ω–∞—Ç–∞—Ö –º—É–∑–µ—è —Å–ª—ã—à–µ–Ω —à–µ–ø–æ—Ç —Å—Ç–∏—Ö–æ–≤ –∏ —à–æ—Ä–æ—Ö —Ä—É–∫–æ–ø–∏—Å–µ–π. –î—É—Ö –ê—Ö–º–∞—Ç–æ–≤–æ–π –ø–æ–º–æ–≥–∞–µ—Ç –ø–æ—ç—Ç–∞–º –Ω–∞–π—Ç–∏ —Å–≤–æ–π –≥–æ–ª–æ—Å –∏ –Ω–µ —Å–ª–æ–º–∞—Ç—å—Å—è –ø–æ–¥ —É–¥–∞—Ä–∞–º–∏ —Å—É–¥—å–±—ã. –î–∞–µ—Ç —Å–∏–ª—É —Ç–≤–æ—Ä–∏—Ç—å –≤–æ–ø—Ä–µ–∫–∏ –æ–±—Å—Ç–æ—è—Ç–µ–ª—å—Å—Ç–≤–∞–º.";59.70634,30.38797
"–ò–º–ø–µ—Ä–∞—Ç–æ—Ä—Å–∫–∏–π –ª–∏—Ü–µ–π üéì";"**–ò—Å—Ç–æ—Ä–∏—è:** 1811-1843 –≥–æ–¥—ã, —ç–ª–∏—Ç–Ω–æ–µ —É—á–µ–±–Ω–æ–µ –∑–∞–≤–µ–¥–µ–Ω–∏–µ, –≤–æ—Å–ø–∏—Ç–∞–≤—à–µ–µ —Ü–µ–ª–æ–µ –ø–æ–∫–æ–ª–µ–Ω–∏–µ –≥–æ—Å—É–¥–∞—Ä—Å—Ç–≤–µ–Ω–Ω—ã—Ö –¥–µ—è—Ç–µ–ª–µ–π. –ó–¥–µ—Å—å —É—á–∏–ª—Å—è –ü—É—à–∫–∏–Ω, –∑–¥–µ—Å—å —Ñ–æ—Ä–º–∏—Ä–æ–≤–∞–ª–∏—Å—å —É–º—ã, –∏–∑–º–µ–Ω–∏–≤—à–∏–µ –†–æ—Å—Å–∏—é. –ö–æ–ª—ã–±–µ–ª—å —Ä—É—Å—Å–∫–æ–π –∏–Ω—Ç–µ–ª–ª–∏–≥–µ–Ω—Ü–∏–∏.

**–ú–∏—Å—Ç–∏–∫–∞:** –í –∫–ª–∞—Å—Å–∞—Ö –ª–∏—Ü–µ—è –∑–≤—É—á–∞—Ç –≥–æ–ª–æ—Å–∞ —é–Ω—ã—Ö –≥–µ–Ω–∏–µ–≤, —Å–ø–æ—Ä—è—â–∏—Ö –æ —Å—É–¥—å–±–∞—Ö –†–æ—Å—Å–∏–∏. –î—É—Ö –ª–∏—Ü–µ—è –¥–∞–µ—Ç –±–ª–µ—Å—Ç—è—â–µ–µ –æ–±—Ä–∞–∑–æ–≤–∞–Ω–∏–µ –∏ —à–∏—Ä–æ—Ç—É –º—ã—à–ª–µ–Ω–∏—è. –ü–æ–º–æ–≥–∞–µ—Ç –≤ —É—á–µ–±–µ, –Ω–∞—É—á–Ω–æ–π –∫–∞—Ä—å–µ—Ä–µ –∏ –≥–æ—Å—É–¥–∞—Ä—Å—Ç–≤–µ–Ω–Ω–æ–π —Å–ª—É–∂–±–µ.";59.70589,30.38754
"–î–æ–º –ß–∞–π–∫–æ–≤—Å–∫–æ–≥–æ üéº";"**–ò—Å—Ç–æ—Ä–∏—è:** XIX –≤–µ–∫, –∑–¥–µ—Å—å –±—ã–≤–∞–ª –≤–µ–ª–∏–∫–∏–π –∫–æ–º–ø–æ–∑–∏—Ç–æ—Ä –ü.–ò. –ß–∞–π–∫–æ–≤—Å–∫–∏–π –≤–æ –≤—Ä–µ–º—è –ø—Ä–∏–µ–∑–¥–æ–≤ –≤ –¶–∞—Ä—Å–∫–æ–µ –°–µ–ª–æ. –í —ç—Ç–∏—Ö —Å—Ç–µ–Ω–∞—Ö –∑–≤—É—á–∞–ª–∏ –ø–µ—Ä–≤—ã–µ –Ω–∞–∏–≥—Ä—ã—à–∏ –±—É–¥—É—â–∏—Ö —Å–∏–º—Ñ–æ–Ω–∏–π –∏ –±–∞–ª–µ—Ç–æ–≤. –ú–µ—Å—Ç–æ, –≥–¥–µ –º—É–∑—ã–∫–∞ –æ–±—Ä–µ—Ç–∞–ª–∞ –±–µ—Å—Å–º–µ—Ä—Ç–∏–µ.

**–ú–∏—Å—Ç–∏–∫–∞:** –ü–æ –≤–µ—á–µ—Ä–∞–º –¥–æ–º –Ω–∞–ø–æ–ª–Ω—è–µ—Ç—Å—è –∑–≤—É–∫–∞–º–∏ –Ω–µ–≤–∏–¥–∏–º–æ–≥–æ –æ—Ä–∫–µ—Å—Ç—Ä–∞, –∏—Å–ø–æ–ª–Ω—è—é—â–µ–≥–æ –ø—Ä–æ–∏–∑–≤–µ–¥–µ–Ω–∏—è –ß–∞–π–∫–æ–≤—Å–∫–æ–≥–æ. –î—É—Ö –∫–æ–º–ø–æ–∑–∏—Ç–æ—Ä–∞ –¥–∞—Ä—É–µ—Ç –º—É–∑—ã–∫–∞–ª—å–Ω—ã–π —Ç–∞–ª–∞–Ω—Ç –∏ —Å–ø–æ—Å–æ–±–Ω–æ—Å—Ç—å –≤—ã—Ä–∞–∂–∞—Ç—å —á—É–≤—Å—Ç–≤–∞ —á–µ—Ä–µ–∑ –º–µ–ª–æ–¥–∏—é. –ü–æ–º–æ–≥–∞–µ—Ç –∫–æ–º–ø–æ–∑–∏—Ç–æ—Ä–∞–º –∏ –º—É–∑—ã–∫–∞–Ω—Ç–∞–º.";59.70545,30.38710
"–ï–∫–∞—Ç–µ—Ä–∏–Ω–∏–Ω—Å–∫–∏–π —Å–æ–±–æ—Ä ‚õ™";"**–ò—Å—Ç–æ—Ä–∏—è:** 1835-1840 –≥–æ–¥—ã, –≥–ª–∞–≤–Ω—ã–π —Ö—Ä–∞–º –¶–∞—Ä—Å–∫–æ–≥–æ –°–µ–ª–∞ –∞—Ä—Ö–∏—Ç–µ–∫—Ç–æ—Ä–∞ –¢–æ–Ω–∞. –ó–¥–µ—Å—å –≤–µ–Ω—á–∞–ª–∏—Å—å, –∫—Ä–µ—Å—Ç–∏–ª–∏—Å—å –∏ –æ—Ç–ø–µ–≤–∞–ª–∏—Å—å –ø—Ä–µ–¥—Å—Ç–∞–≤–∏—Ç–µ–ª–∏ –∏–º–ø–µ—Ä–∞—Ç–æ—Ä—Å–∫–æ–π —Ñ–∞–º–∏–ª–∏–∏. –°–≤–∏–¥–µ—Ç–µ–ª—å —Å–∞–º—ã—Ö –≤–∞–∂–Ω—ã—Ö —Å–æ–±—ã—Ç–∏–π –≤ –∂–∏–∑–Ω–∏ —Ä—É—Å—Å–∫–æ–π –º–æ–Ω–∞—Ä—Ö–∏–∏.

**–ú–∏—Å—Ç–∏–∫–∞:** –í –¥–Ω–∏ –ø–∞–º—è—Ç–∏ –∏–º–ø–µ—Ä–∞—Ç–æ—Ä–æ–≤ —Å–æ–±–æ—Ä –æ–∑–∞—Ä—è–µ—Ç—Å—è –Ω–µ–±–µ—Å–Ω—ã–º —Å–≤–µ—Ç–æ–º, –∞ –∫–æ–ª–æ–∫–æ–ª–∞ –∑–≤–æ–Ω—è—Ç —Å–∞–º–∏ —Å–æ–±–æ–π. –ú–µ—Å—Ç–æ –æ—Å–æ–±–æ–π –¥—É—Ö–æ–≤–Ω–æ–π —Å–∏–ª—ã, –ø–æ–º–æ–≥–∞—é—â–µ–µ –≤ –≤–∞–∂–Ω—ã—Ö –∂–∏–∑–Ω–µ–Ω–Ω—ã—Ö —Ä–µ—à–µ–Ω–∏—è—Ö –∏ —Å–µ–º–µ–π–Ω—ã—Ö –≤–æ–ø—Ä–æ—Å–∞—Ö. –ë–ª–∞–≥–æ—Å–ª–æ–≤–ª—è–µ—Ç –±—Ä–∞–∫–∏ –∏ –¥–∞–µ—Ç –∑–∞—â–∏—Ç—É —Å–µ–º—å–µ.";59.70501,30.38667
"–§–µ–æ–¥–æ—Ä–æ–≤—Å–∫–∏–π —Å–æ–±–æ—Ä ‚õ™";"**–ò—Å—Ç–æ—Ä–∏—è:** 1909-1912 –≥–æ–¥—ã, –¥–æ–º–æ–≤—ã–π —Ö—Ä–∞–º –ø–æ—Å–ª–µ–¥–Ω–µ–π –∏–º–ø–µ—Ä–∞—Ç–æ—Ä—Å–∫–æ–π —Å–µ–º—å–∏ –≤ –¥—Ä–µ–≤–Ω–µ—Ä—É—Å—Å–∫–æ–º —Å—Ç–∏–ª–µ. –ó–¥–µ—Å—å –º–æ–ª–∏–ª–∏—Å—å –ù–∏–∫–æ–ª–∞–π II –∏ –µ–≥–æ —Å–µ–º—å—è –ø–µ—Ä–µ–¥ —Ç—Ä–∞–≥–∏—á–µ—Å–∫–∏–º–∏ —Å–æ–±—ã—Ç–∏—è–º–∏. –ü–æ—Å–ª–µ–¥–Ω–∏–π —Ö—Ä–∞–º –†–æ—Å—Å–∏–π—Å–∫–æ–π –∏–º–ø–µ—Ä–∏–∏.

**–ú–∏—Å—Ç–∏–∫–∞:** –í —Å–æ–±–æ—Ä–µ –¥–æ —Å–∏—Ö –ø–æ—Ä —Å–ª—ã—à–Ω—ã –¥–µ—Ç—Å–∫–∏–µ –≥–æ–ª–æ—Å–∞, –ø–æ—é—â–∏–µ ""–û—Ç—á–µ –Ω–∞—à"". –î—É—à–∏ —Ü–∞—Ä—Å–∫–æ–π —Å–µ–º—å–∏ –º–æ–ª—è—Ç—Å—è –∑–∞ –†–æ—Å—Å–∏—é –∏ –≤—Å–µ—Ö —Å—Ç—Ä–∞–∂–¥—É—â–∏—Ö. –ú–µ—Å—Ç–æ –¥–∞–µ—Ç —Å–∏–ª—É –≤ –∏—Å–ø—ã—Ç–∞–Ω–∏—è—Ö –∏ –Ω–∞–¥–µ–∂–¥—É –≤ —Å–∞–º—ã–µ —Ç–µ–º–Ω—ã–µ –≤—Ä–µ–º–µ–Ω–∞.";59.70456,30.38623
"–°–æ—Ñ–∏–π—Å–∫–∏–π —Å–æ–±–æ—Ä ‚õ™";"**–ò—Å—Ç–æ—Ä–∏—è:** 1782-1788 –≥–æ–¥—ã, –æ–¥–∏–Ω –∏–∑ –ø–µ—Ä–≤—ã—Ö —Ö—Ä–∞–º–æ–≤ –¶–∞—Ä—Å–∫–æ–≥–æ –°–µ–ª–∞ –∞—Ä—Ö–∏—Ç–µ–∫—Ç–æ—Ä–∞ –ö–∞–º–µ—Ä–æ–Ω–∞. –ü–æ—Å—Ç—Ä–æ–µ–Ω –≤ —á–µ—Å—Ç—å –ø–æ–±–µ–¥ –ï–∫–∞—Ç–µ—Ä–∏–Ω—ã II –Ω–∞–¥ —Ç—É—Ä–∫–∞–º–∏. –ú–µ—Å—Ç–æ, –≥–¥–µ —Å–ª–∞–≤–∏–ª–æ—Å—å –≤–µ–ª–∏—á–∏–µ –†–æ—Å—Å–∏–π—Å–∫–æ–π –∏–º–ø–µ—Ä–∏–∏.

**–ú–∏—Å—Ç–∏–∫–∞:** –í —Å–æ–±–æ—Ä–µ —Ö—Ä–∞–Ω–∏—Ç—Å—è –æ—Å–æ–±–∞—è –±–ª–∞–≥–æ–¥–∞—Ç—å ‚Äî –º–æ–ª–∏—Ç–≤—ã –∑–¥–µ—Å—å –¥–æ—Ö–æ–¥—è—Ç –¥–æ –Ω–µ–±–µ—Å –±—ã—Å—Ç—Ä–µ–µ. –ò–∫–æ–Ω—ã –∏–Ω–æ–≥–¥–∞ –∏—Å—Ç–æ—á–∞—é—Ç —Å–ª–µ–∑—ã –≤ –¥–Ω–∏ –Ω–∞—Ä–æ–¥–Ω—ã—Ö –±–µ–¥—Å—Ç–≤–∏–π. –ú–µ—Å—Ç–æ –¥–∞–µ—Ç –¥—É—Ö–æ–≤–Ω—É—é —Å–∏–ª—É –ø—Ä–∞–≤–∏—Ç–µ–ª—è–º –∏ –∑–∞—â–∏—Ç–Ω–∏–∫–∞–º –≤–µ—Ä—ã. –ü–æ–º–æ–≥–∞–µ—Ç –≤ –≥–æ—Å—É–¥–∞—Ä—Å—Ç–≤–µ–Ω–Ω—ã—Ö –¥–µ–ª–∞—Ö.";59.70412,30.38580